timestamp_data_utc,elv_spy,speed,soc,amb_temp,soh,regenwh,Motor Pwr(w),Aux Pwr(100w),Motor Temp,Torque Nm,rpm,route_id,longitude,latitude,altitude,cumul_dist,timestamp_gps_utc,car_id,time_diff,point_geom,route_code,route_description,driver,start_timestamp,end_timestamp,car_code,car_description,capacity,ref_consumption,timestamp_weather_utc,wind_mph,wind_kph,wind_degree,wind_dir,Frontal_Wind,Veh_deg,totalVehicles,speedAvg,cars_by_speed_interval_0_80,cars_by_speed_interval_80_100,cars_by_speed_interval_100_120,cars_by_speed_interval_0_50,cars_by_speed_interval_50_80,cars_by_speed_interval_80_120,cars_by_speed_interval_120_inf,cars_by_length_interval_0_7,cars_by_length_interval_7_inf,max_speed,radius
03:31.8,,,90,,98.5,,,,,,,38,-1.9752976,43.267025,91.257515,0.0,03:31.6,6,0.1989999999999999,0101000020E6100000F766C091D19AFFBF989F10E52DA24540,20230420_DACIA_HERNANI_TOLOSA_038,,d1,03:27.6,24:28.4,DACIA_SPRING,Dacia Spring 33 kW,33000,139,01:35.3,2.2,3.6,249,WSW,-1.7876764801702745,-98.77378016476696,161,108,,,,0.0,1.0,126.0,34,157,4,25,2
03:37.3,,,90,,98.5,,,,,,,38,-1.9753385,43.26676,93.61104,0.029745414657193218,03:37.6,6,-0.34,0101000020E61000008DBEF183FC9AFFBF277E493525A24540,20230420_DACIA_HERNANI_TOLOSA_038,,d1,03:27.6,24:28.4,DACIA_SPRING,Dacia Spring 33 kW,33000,139,01:35.3,2.2,3.6,249,WSW,-3.0576281901491806,-127.1400828934729,161,108,,,,0.0,1.0,126.0,34,157,4,25,2
03:42.8,,,90,,98.5,,,,,,,38,-1.9755536,43.266476,94.83291,0.06582977979136963,03:42.7,6,0.134,0101000020E6100000675E5B14DE9BFFBF8BCC65D21BA24540,20230420_DACIA_HERNANI_TOLOSA_038,,d1,03:27.6,24:28.4,DACIA_SPRING,Dacia Spring 33 kW,33000,139,01:35.3,2.2,3.6,249,WSW,-3.513732843375183,-146.43159373049443,30,90,,,,0.0,9.0,21.0,0,25,5,25,1
03:48.3,,,90,,98.5,,,,,,,38,-1.9757495,43.266346,96.73513,0.08737449894562146,03:48.7,6,-0.449,0101000020E610000061B94C80AB9CFFBF551F249117A24540,20230420_DACIA_HERNANI_TOLOSA_038,,d1,03:27.6,24:28.4,DACIA_SPRING,Dacia Spring 33 kW,33000,139,05:55.7,2.2,3.6,249,WSW,-2.965720435148868,-124.4681529060116,30,90,,,,0.0,9.0,21.0,0,25,5,25,1
03:53.7,,,90,,98.5,,,,,,,38,-1.9759067,43.266117,102.24115,0.11636976940430696,03:53.7,6,-0.0289999999999999,0101000020E61000009DB2906F509DFFBF6D84412F10A24540,20230420_DACIA_HERNANI_TOLOSA_038,,d1,03:27.6,24:28.4,DACIA_SPRING,Dacia Spring 33 kW,33000,139,05:55.7,2.2,3.6,249,WSW,-3.545843855538375,-168.9507586892262,30,90,,,,0.0,9.0,21.0,0,25,5,25,1
03:59.2,,,90,,98.5,,,,,,,38,-1.976004,43.266098,106.68998,0.12566084496038943,03:58.8,6,0.4039999999999999,0101000020E6100000866A3F54B69DFFBFDB8848880FA24540,20230420_DACIA_HERNANI_TOLOSA_038,,d1,03:27.6,24:28.4,DACIA_SPRING,Dacia Spring 33 kW,33000,139,05:55.7,2.2,3.6,249,WSW,-3.4561596012406377,-175.25113034226837,30,90,,,,0.0,9.0,21.0,0,25,5,25,1
04:04.6,,,90,,98.5,,,,,,,38,-1.9761003,43.266090000000005,105.52008,0.13359553011248942,04:04.8,6,-0.1889999999999999,0101000020E610000063D0715F1B9EFFBFE547BB300FA24540,20230420_DACIA_HERNANI_TOLOSA_038,,d1,03:27.6,24:28.4,DACIA_SPRING,Dacia Spring 33 kW,33000,139,05:55.7,2.2,3.6,249,WSW,-3.5998988745224576,-159.42945502549227,30,90,,,,0.0,9.0,21.0,0,25,5,25,1
04:10.1,,,90,,98.5,,,,,,,38,-1.9764467,43.26596,104.26808,0.16517419533785485,04:09.8,6,0.282,0101000020E6100000B3B954A1869FFFBFC36CAA090BA24540,20230420_DACIA_HERNANI_TOLOSA_038,,d1,03:27.6,24:28.4,DACIA_SPRING,Dacia Spring 33 kW,33000,139,05:55.7,2.2,3.6,249,WSW,-3.484313333502175,-144.43542025720728,30,90,,,,0.0,9.0,21.0,0,25,5,25,1
04:15.5,,,90,,98.5,,,,,,,38,-1.9766481,43.265816,102.34769,0.18810898035959472,04:15.9,6,-0.38,0101000020E610000097F6A8C559A0FFBFA676454A06A24540,20230420_DACIA_HERNANI_TOLOSA_038,,d1,03:27.6,24:28.4,DACIA_SPRING,Dacia Spring 33 kW,33000,139,05:55.7,2.2,3.6,249,WSW,-1.6744851668121878,-96.7189443865781,30,90,,,,0.0,9.0,21.0,0,25,5,25,1
04:21.0,,,90,,98.5,,,,,,,38,-1.9766567,43.265743,102.94717,0.19627804931559187,04:21.0,6,-0.001,0101000020E610000040A21FCF62A0FFBF671FFEDF03A24540,20230420_DACIA_HERNANI_TOLOSA_038,,d1,03:27.6,24:28.4,DACIA_SPRING,Dacia Spring 33 kW,33000,139,05:55.7,2.2,3.6,249,WSW,-3.092821494963534,170.21759297537284,30,90,,,,0.0,9.0,21.0,0,25,5,25,1
04:26.4,,,90,,98.5,,,,,,,38,-1.9766799,43.265747,102.95009,0.1982084984019527,04:26.0,6,0.4,0101000020E61000000898F7157BA0FFBF5ECDF00B04A24540,20230420_DACIA_HERNANI_TOLOSA_038,,d1,03:27.6,24:28.4,DACIA_SPRING,Dacia Spring 33 kW,33000,139,05:55.7,2.2,3.6,249,WSW,3.3608895353899264,0.0,30,90,,,,0.0,9.0,21.0,0,25,5,25,1
04:31.8,,,90,,98.5,,,,,,,38,-1.9766799,43.265747,102.95009,0.1982084984019527,04:32.0,6,-0.179,0101000020E61000000898F7157BA0FFBF5ECDF00B04A24540,20230420_DACIA_HERNANI_TOLOSA_038,,d1,03:27.6,24:28.4,DACIA_SPRING,Dacia Spring 33 kW,33000,139,05:55.7,2.2,3.6,249,WSW,3.3608895353899264,0.0,30,90,,,,0.0,9.0,21.0,0,25,5,25,1
04:37.3,,,90,,98.5,,,,,,,38,-1.9766799,43.265747,102.95009,0.1982084984019527,04:37.0,6,0.251,0101000020E61000000898F7157BA0FFBF5ECDF00B04A24540,20230420_DACIA_HERNANI_TOLOSA_038,,d1,03:27.6,24:28.4,DACIA_SPRING,Dacia Spring 33 kW,33000,139,05:55.7,2.2,3.6,249,WSW,3.3608895353899264,0.0,30,90,,,,0.0,9.0,21.0,0,25,5,25,1
04:42.8,,,90,,98.5,,,,,,,38,-1.9766799,43.265747,102.95009,0.1982084984019527,04:43.1,6,-0.289,0101000020E61000000898F7157BA0FFBF5ECDF00B04A24540,20230420_DACIA_HERNANI_TOLOSA_038,,d1,03:27.6,24:28.4,DACIA_SPRING,Dacia Spring 33 kW,33000,139,05:55.7,2.2,3.6,249,WSW,-1.7258462356370112,139.64633548581776,30,90,,,,0.0,9.0,21.0,0,25,5,25,1
04:48.3,,,90,,98.5,,,,,,,38,-1.9766952,43.26576,103.504,0.20019120356805245,04:48.2,6,0.173,0101000020E6100000BF00FE208BA0FFBFD622976B04A24540,20230420_DACIA_HERNANI_TOLOSA_038,,d1,03:27.6,24:28.4,DACIA_SPRING,Dacia Spring 33 kW,33000,139,05:55.7,2.2,3.6,249,WSW,-3.267359715667015,176.17575732440503,30,90,,,,0.0,9.0,21.0,0,25,5,25,1
04:53.8,,,90,,98.5,,,,,,,38,-1.9768448,43.26577,105.55404,0.21252681325161882,04:54.2,6,-0.37,0101000020E6100000FF2CE1F927A1FFBF2DBDC8B004A24540,20230420_DACIA_HERNANI_TOLOSA_038,,d1,03:27.6,24:28.4,DACIA_SPRING,Dacia Spring 33 kW,33000,139,05:55.7,2.2,3.6,249,WSW,-3.3608895353899264,180.0,30,90,,,,0.0,9.0,21.0,0,25,5,25,1
04:59.3,,,90,,98.5,,,,,,,38,-1.9769526,43.26577,106.582634,0.2213157958524515,04:59.2,6,0.07,0101000020E61000008A43C5F298A1FFBF95B34CC304A24540,20230420_DACIA_HERNANI_TOLOSA_038,,d1,03:27.6,24:28.4,DACIA_SPRING,Dacia Spring 33 kW,33000,139,05:55.7,2.2,3.6,249,WSW,-3.0747339166033054,169.65965029281756,30,90,,,,0.0,9.0,21.0,0,25,5,25,1
05:04.8,,,90,,98.5,,,,,,,38,-1.977265,43.265827,106.71135,0.247393160699508,05:05.3,6,-0.498,0101000020E6100000472D2695E0A2FFBF92EE81A206A24540,20230420_DACIA_HERNANI_TOLOSA_038,,d1,03:27.6,24:28.4,DACIA_SPRING,Dacia Spring 33 kW,33000,139,05:55.7,2.2,3.6,249,WSW,-3.186040538430301,173.25290707346412,30,90,,,,0.0,9.0,21.0,0,25,5,25,1
05:10.4,,,89,,98.5,,,,,,,38,-1.9777468,43.265884,104.44919,0.2869807440080371,05:10.4,6,-0.001,0101000020E61000001F452FDED9A4FFBFC914157508A24540,20230420_DACIA_HERNANI_TOLOSA_038,,d1,03:27.6,24:28.4,DACIA_SPRING,Dacia Spring 33 kW,33000,139,05:55.7,2.2,3.6,249,WSW,-2.713549373191291,159.91746283864163,30,90,,,,0.0,9.0,21.0,0,25,5,25,1
05:15.7,,,89,,98.5,,,,,,,38,-1.9781352,43.266026,103.74115,0.32217786777492874,05:15.4,6,0.351,0101000020E6100000F2D4952971A6FFBFF97D86250DA24540,20230420_DACIA_HERNANI_TOLOSA_038,,d1,03:27.6,24:28.4,DACIA_SPRING,Dacia Spring 33 kW,33000,139,05:55.7,2.2,3.6,249,WSW,-2.964023823053736,166.4205469203448,30,90,,,,0.0,9.0,21.0,0,25,5,25,1
05:21.3,,,89,,98.5,,,,,,,38,-1.9782594,43.266056,104.76172,0.3328221935235952,05:21.4,6,-0.132,0101000020E6100000FE95F15CF3A6FFBF7D80F4210EA24540,20230420_DACIA_HERNANI_TOLOSA_038,,d1,03:27.6,24:28.4,DACIA_SPRING,Dacia Spring 33 kW,33000,139,05:55.7,2.2,3.6,249,WSW,-3.5521160009027417,-149.64456149808817,30,90,,,,0.0,9.0,21.0,0,25,5,25,1
05:26.6,,,89,,98.5,,,,,,,38,-1.978396,43.265976,105.500015,0.3470352489431711,05:26.4,6,0.191,0101000020E61000002C96929C82A7FFBFC4397C7F0BA24540,20230420_DACIA_HERNANI_TOLOSA_038,,d1,03:27.6,24:28.4,DACIA_SPRING,Dacia Spring 33 kW,33000,139,05:55.7,2.2,3.6,249,WSW,-2.7880310795918017,-119.75547299267504,30,90,,,,0.0,9.0,21.0,0,25,5,25,1
05:32.1,,,89,,98.5,,,,,,,38,-1.9786624,43.26551,107.35807,0.40319325695762237,05:32.5,6,-0.357,0101000020E6100000A120FBED99A8FFBFF44DB138FCA14540,20230420_DACIA_HERNANI_TOLOSA_038,,d1,03:27.6,24:28.4,DACIA_SPRING,Dacia Spring 33 kW,33000,139,05:55.7,2.2,3.6,249,WSW,-2.6745894714662257,-116.98259444468876,30,90,,,,0.0,9.0,21.0,0,25,5,25,1
05:37.5,,,89,,98.5,,,,,,,38,-1.9787515,43.265335,109.35258,0.4240423313555181,05:37.5,6,0.023,0101000020E610000076C99F6FF7A8FFBFB326A175F6A14540,20230420_DACIA_HERNANI_TOLOSA_038,,d1,03:27.6,24:28.4,DACIA_SPRING,Dacia Spring 33 kW,33000,139,05:55.7,2.2,3.6,249,WSW,-3.5767732300254047,-152.4879973688297,30,90,,,,0.0,9.0,21.0,0,25,5,25,1
05:43.1,,,89,,98.5,,,,,,,38,-1.9787611,43.26533,110.06674,0.4252353768978193,05:43.6,6,-0.5,0101000020E6100000A542A75B01A9FFBF4AD3A36DF6A14540,20230420_DACIA_HERNANI_TOLOSA_038,,d1,03:27.6,24:28.4,DACIA_SPRING,Dacia Spring 33 kW,33000,139,05:55.7,2.2,3.6,249,WSW,-2.8182845635344504,-120.5228928144468,30,90,,,,0.0,9.0,21.0,0,25,5,25,1
05:48.5,,,89,,98.5,,,,,,,38,-1.978846,43.265186,109.98339,0.4426609630586544,05:48.6,6,-0.053,0101000020E6100000F0D886505AA9FFBF6D0C07ACF1A14540,20230420_DACIA_HERNANI_TOLOSA_038,,d1,03:27.6,24:28.4,DACIA_SPRING,Dacia Spring 33 kW,33000,139,05:55.7,2.2,3.6,249,WSW,-3.5875725956523024,-154.23786604433863,30,90,,,,0.0,9.0,21.0,0,25,5,25,1
05:54.1,,,89,,98.5,,,,,,,38,-1.9790242,43.2651,110.728676,0.4599872136706819,05:53.6,6,0.43,0101000020E6100000D824F14F15AAFFBFF43185C6EEA14540,20230420_DACIA_HERNANI_TOLOSA_038,,d1,03:27.6,24:28.4,DACIA_SPRING,Dacia Spring 33 kW,33000,139,05:55.7,2.2,3.6,249,WSW,-3.3519342203246056,179.60581440941388,30,90,,,,0.0,9.0,21.0,0,25,5,25,1
05:59.5,,,89,,98.5,,,,,,,38,-1.9793149,43.265102,111.79624,0.48355075103312817,05:59.7,6,-0.146,0101000020E6100000ADA6EB1D46ABFFBF5CC3D1EBEEA14540,20230420_DACIA_HERNANI_TOLOSA_038,,d1,03:27.6,24:28.4,DACIA_SPRING,Dacia Spring 33 kW,33000,139,05:55.7,2.2,3.6,249,WSW,-2.9826539773859904,166.94649278841376,30,90,,,,0.0,9.0,21.0,0,25,5,25,1
06:05.0,,,89,,98.5,,,,,,,38,-1.9796772,43.265186,112.987,0.5143606455899284,06:04.7,6,0.34,0101000020E610000005E5EFF1C1ACFFBF77C83E97F1A14540,20230420_DACIA_HERNANI_TOLOSA_038,,d1,03:27.6,24:28.4,DACIA_SPRING,Dacia Spring 33 kW,33000,139,05:55.7,2.2,3.6,249,WSW,-2.093970152821124,-104.567268686568,30,90,,,,0.0,9.0,21.0,0,25,5,55,1
06:10.5,,,89,,98.5,,,,,,,38,-1.9797575,43.264877,113.42723,0.5493324406938803,06:10.7,6,-0.212,0101000020E6100000832B1E4316ADFFBF7D943072E7A14540,20230420_DACIA_HERNANI_TOLOSA_038,,d1,03:27.6,24:28.4,DACIA_SPRING,Dacia Spring 33 kW,33000,139,05:55.7,2.2,3.6,249,WSW,-0.741413903078576,-80.885017631499,30,90,,,,0.0,9.0,21.0,0,25,5,55,1
06:16.0,,,89,,98.5,,,,,,,38,-1.9796922,43.26447,114.65847,0.5949132363342384,06:15.8,6,0.262,0101000020E610000041759CB1D1ACFFBF45677C18DAA14540,20230420_DACIA_HERNANI_TOLOSA_038,,d1,03:27.6,24:28.4,DACIA_SPRING,Dacia Spring 33 kW,33000,139,06:35.5,2.2,3.6,249,WSW,-0.5021803237689784,-77.01859819514424,30,90,,,,0.0,9.0,21.0,0,25,5,55,1
06:21.5,,,89,,98.5,,,,,,,38,-1.9795389,43.263805,114.334885,0.6698932107404545,06:21.8,6,-0.268,0101000020E610000063BC4C0831ACFFBF7187C153C4A14540,20230420_DACIA_HERNANI_TOLOSA_038,,d1,03:27.6,24:28.4,DACIA_SPRING,Dacia Spring 33 kW,33000,139,06:35.5,2.2,3.6,249,WSW,-0.360704831451037,-74.75044484267835,30,90,,,,0.0,9.0,21.0,0,25,5,55,1
06:27.0,,,89,,98.5,,,,,,,38,-1.9793726000000005,43.263195,111.57779,0.7391008035671728,06:26.9,6,0.102,0101000020E6100000514631A382ABFFBFB0B05D63B0A14540,20230420_DACIA_HERNANI_TOLOSA_038,,d1,03:27.6,24:28.4,DACIA_SPRING,Dacia Spring 33 kW,33000,139,06:35.5,2.2,3.6,249,WSW,-0.8680816956022058,-82.9534680654617,30,90,,,,0.0,9.0,21.0,0,25,5,25,1
06:32.4,,,89,,98.5,,,,,,,38,-1.9792904,43.26253,110.124756,0.8133586131358023,06:32.9,6,-0.457,0101000020E6100000FF1A31502CABFFBFABCAC4A59AA14540,20230420_DACIA_HERNANI_TOLOSA_038,,d1,03:27.6,24:28.4,DACIA_SPRING,Dacia Spring 33 kW,33000,139,06:35.5,2.2,3.6,249,WSW,-2.452545676996372,-111.9423929113023,30,90,,,,0.0,9.0,21.0,0,25,5,25,1
06:37.8,,,89,,98.5,,,,,,,38,-1.9794878,43.26204,109.09571,0.8701497405697348,06:37.9,6,-0.08,0101000020E61000006675DE57FBABFFBFD54F82778AA14540,20230420_DACIA_HERNANI_TOLOSA_038,,d1,03:27.6,24:28.4,DACIA_SPRING,Dacia Spring 33 kW,33000,139,06:35.5,2.2,3.6,249,WSW,-3.1175891341939708,-128.99674323170402,30,90,,,,0.0,9.0,21.0,0,25,5,25,1
06:43.3,,,89,,98.5,,,,,,,38,-1.9799056,43.261524,109.69207,0.9367605669770315,06:42.9,6,0.392,0101000020E61000005B8FAF7DB1ADFFBFEB5CCCAD79A14540,20230420_DACIA_HERNANI_TOLOSA_038,,d1,03:27.6,24:28.4,DACIA_SPRING,Dacia Spring 33 kW,33000,139,06:35.5,2.2,3.6,249,WSW,-3.395806908307752,-139.6098412477011,30,90,,,,0.0,9.0,21.0,0,25,5,55,1
06:48.8,,,89,,98.5,,,,,,,38,-1.9807037,43.260845,108.529076,1.0361511018748129,06:49.0,6,-0.23,0101000020E6100000FC08C45BF6B0FFBF2E49026263A14540,20230420_DACIA_HERNANI_TOLOSA_038,,d1,03:27.6,24:28.4,DACIA_SPRING,Dacia Spring 33 kW,33000,139,06:35.5,2.2,3.6,249,WSW,-3.437128625900896,-141.69945130515688,30,90,,,,0.0,9.0,21.0,0,25,5,25,1
06:54.3,,,89,,98.5,,,,,,,38,-1.9814191000000003,43.26028,108.47756,1.1216087149782323,06:54.0,6,0.24,0101000020E6100000EA769D83E4B3FFBF843816D250A14540,20230420_DACIA_HERNANI_TOLOSA_038,,d1,03:27.6,24:28.4,DACIA_SPRING,Dacia Spring 33 kW,33000,139,06:35.5,2.2,3.6,249,WSW,-3.454602710924457,-142.66055973216743,30,90,,,,0.0,9.0,21.0,0,25,5,25,1
06:59.8,,,89,,98.5,,,,,,,38,-1.9823039,43.259605,107.76129,1.2253758646979505,07:00.1,6,-0.299,0101000020E61000003B5D7C3684B7FFBF4F97EEBB3AA14540,20230420_DACIA_HERNANI_TOLOSA_038,,d1,03:27.6,24:28.4,DACIA_SPRING,Dacia Spring 33 kW,33000,139,06:35.5,2.2,3.6,249,WSW,-3.56971163915325,-151.56246147528398,30,90,,,,0.0,9.0,21.0,0,25,5,55,1
07:05.3,,,89,,98.5,,,,,,,38,-1.9830573,43.259197,107.27233,1.3014060481025203,07:05.1,6,0.151,0101000020E61000001126113E9ABAFFBF7B32FC5F2DA14540,20230420_DACIA_HERNANI_TOLOSA_038,,d1,03:27.6,24:28.4,DACIA_SPRING,Dacia Spring 33 kW,33000,139,06:35.5,2.2,3.6,249,WSW,-3.2469010498962105,175.4111981902341,30,90,,,,0.0,9.0,21.0,0,25,5,8,1
07:10.8,,,89,,98.5,,,,,,,38,-1.9844652,43.25931,106.27957,1.4161107725903799,07:11.2,6,-0.43,0101000020E6100000019FAD9F5EC0FFBF39600F1931A14540,20230420_DACIA_HERNANI_TOLOSA_038,,d1,03:27.6,24:28.4,DACIA_SPRING,Dacia Spring 33 kW,33000,139,06:35.5,2.2,3.6,249,WSW,-3.5914045291713617,-162.96011378259828,30,90,,,,0.0,9.0,21.0,0,25,5,55,1
07:16.3,,,89,,98.5,,,,,,,38,-1.985183,43.25909,105.473305,1.4791805159514744,07:16.2,6,0.057,0101000020E6100000018977364FC3FFBFF09387EC29A14540,20230420_DACIA_HERNANI_TOLOSA_038,,d1,03:27.6,24:28.4,DACIA_SPRING,Dacia Spring 33 kW,33000,139,06:35.5,2.2,3.6,249,WSW,-1.6452643161981486,-96.1948425988987,30,90,,,,0.0,9.0,21.0,0,25,5,25,1
07:21.8,,,89,,98.5,,,,,,,38,-1.9852389,43.258575,105.47133,1.5366245411810244,07:22.3,6,-0.489,0101000020E6100000B91E2FEC89C3FFBFBA70A40B19A14540,20230420_DACIA_HERNANI_TOLOSA_038,,d1,03:27.6,24:28.4,DACIA_SPRING,Dacia Spring 33 kW,33000,139,06:35.5,2.2,3.6,249,WSW,-3.5047439798294477,-145.79024097292773,30,90,,,,0.0,9.0,21.0,0,25,5,55,1
07:27.3,,,89,,98.5,,,,,,,38,-1.9856081,43.258324,104.48469,1.5775368265713239,07:27.3,6,0.0069999999999999,0101000020E6100000E46FD8010DC5FFBF7CE217B710A14540,20230420_DACIA_HERNANI_TOLOSA_038,,d1,03:27.6,24:28.4,DACIA_SPRING,Dacia Spring 33 kW,33000,139,06:35.5,2.2,3.6,249,WSW,-3.5679741900671607,-166.648194541971,30,90,,,,0.0,9.0,21.0,0,25,5,55,1
07:32.8,,,89,,98.5,,,,,,,38,-1.9866235,43.258083,104.080215,1.6640216872093674,07:32.3,6,0.48,0101000020E6100000B05235C335C9FFBF06E97AEA08A14540,20230420_DACIA_HERNANI_TOLOSA_038,,d1,03:27.6,24:28.4,DACIA_SPRING,Dacia Spring 33 kW,33000,139,06:35.5,2.2,3.6,249,WSW,-3.585058117733418,-164.2220299915776,30,90,,,,0.0,9.0,21.0,0,25,5,45,1
07:38.2,,,88,,98.5,,,,,,,38,-1.9879082,43.25772,102.9135,1.7756194027657481,07:38.3,6,-0.179,0101000020E6100000E7FC3BD778CEFFBFEA1064FBFCA04540,20230420_DACIA_HERNANI_TOLOSA_038,,d1,03:27.6,24:28.4,DACIA_SPRING,Dacia Spring 33 kW,33000,139,06:35.5,2.2,3.6,249,WSW,-3.5857404840318376,-164.10131602208455,30,90,,,,0.0,9.0,21.0,0,25,5,8,1
07:43.6,,,88,,98.5,,,,,,,38,-1.9891721,43.25736,103.246735,1.8855214860701381,07:43.4,6,0.248,0101000020E61000001631B125A6D3FFBF52616218F1A04540,20230420_DACIA_HERNANI_TOLOSA_038,,d1,03:27.6,24:28.4,DACIA_SPRING,Dacia Spring 33 kW,33000,139,06:35.5,2.2,3.6,249,WSW,-3.5911983585160714,-163.0073450684769,30,90,,,,0.0,9.0,21.0,0,25,5,8,1
07:49.0,,,88,,98.5,,,,,,,38,-1.990841,43.25685,104.73675,2.0320950199829064,07:49.4,6,-0.45,0101000020E610000054B838147CDAFFBFF992C077E0A04540,20230420_DACIA_HERNANI_TOLOSA_038,,d1,03:27.6,24:28.4,DACIA_SPRING,Dacia Spring 33 kW,33000,139,06:35.5,2.2,3.6,249,WSW,-3.5903068581233266,-154.7945143154186,30,90,,,,0.0,9.0,21.0,0,25,5,90,1
07:54.5,,,88,,98.5,,,,,,,38,-1.9922326,43.256195,106.934265,2.16629502443573,07:54.5,6,0.013,0101000020E61000004DDDE5352FE0FFBF8F36F00CCBA04540,20230420_DACIA_HERNANI_TOLOSA_038,,d1,03:27.6,24:28.4,DACIA_SPRING,Dacia Spring 33 kW,33000,139,06:35.5,2.2,3.6,249,WSW,-3.51159644476422,-146.2762828927963,30,90,,,,0.0,9.0,21.0,0,25,5,25,1
07:59.9,,,88,,98.5,,,,,,,38,-1.9934895,43.255356,108.14988999999998,2.304373987600582,07:59.5,6,0.41,0101000020E61000000726C83355E5FFBF89A27072AFA04540,20230420_DACIA_HERNANI_TOLOSA_038,,d1,03:27.6,24:28.4,DACIA_SPRING,Dacia Spring 33 kW,33000,139,06:35.5,2.2,3.6,249,WSW,-3.149443480791342,-130.0266853888572,30,90,,,,0.0,9.0,21.0,0,25,5,8,2
08:05.4,,,88,,98.5,,,,,,,38,-1.9945948,43.25404,112.43685,2.475966803886481,08:05.5,6,-0.153,0101000020E610000027FD6433DCE9FFBF4AFDEA5984A04540,20230420_DACIA_HERNANI_TOLOSA_038,,d1,03:27.6,24:28.4,DACIA_SPRING,Dacia Spring 33 kW,33000,139,06:35.5,2.2,3.6,249,WSW,-2.768245648041815,-119.26033168626866,30,90,,,,0.0,9.0,21.0,0,25,5,8,2
08:10.9,,,88,,98.5,,,,,,,38,-1.9952744,43.252827,116.1628,2.6216911420042632,08:10.6,6,0.278,0101000020E6100000800777D1A4ECFFBFE1C09E9F5CA04540,20230420_DACIA_HERNANI_TOLOSA_038,,d1,03:27.6,24:28.4,DACIA_SPRING,Dacia Spring 33 kW,33000,139,06:35.5,2.2,3.6,249,WSW,-2.844020734928792,-121.18604975031543,30,90,,,,0.0,9.0,21.0,0,25,5,90,2
08:16.4,,,88,,98.5,,,,,,,38,-1.9961442,43.25139,118.357254,2.796330904230103,08:16.6,6,-0.26,0101000020E610000091DF60D934F0FFBFDE9918782DA04540,20230420_DACIA_HERNANI_TOLOSA_038,,d1,03:27.6,24:28.4,DACIA_SPRING,Dacia Spring 33 kW,33000,139,06:35.5,2.2,3.6,249,WSW,-2.8974123879414746,-122.59449468110112,30,90,,,,0.0,9.0,21.0,0,25,5,25,2
08:21.8,,,88,,98.5,,,,,,,38,-1.9968795,43.250240000000005,119.68516,2.937398286500304,08:21.7,6,0.181,0101000020E61000005E1177DB37F3FFBF4D8CDEE907A04540,20230420_DACIA_HERNANI_TOLOSA_038,,d1,03:27.6,24:28.4,DACIA_SPRING,Dacia Spring 33 kW,33000,139,06:35.5,2.2,3.6,249,WSW,-2.7982820010951115,-120.0140770121916,428,118,3.0,50.0,197.0,,,,178,311,117,120,2
08:27.4,,,88,,98.5,,,,,,,38,-1.9976507,43.248905,121.68826,3.0984614780657322,08:27.7,6,-0.321,0101000020E610000041F6F39360F6FFBFAC688119DC9F4540,20230420_DACIA_HERNANI_TOLOSA_038,,d1,03:27.6,24:28.4,DACIA_SPRING,Dacia Spring 33 kW,33000,139,06:35.5,2.2,3.6,249,WSW,-1.7961251531741391,-98.92881501175272,428,118,3.0,50.0,197.0,,,,178,311,117,8,2
08:32.9,,,87,,98.5,,,,,,,38,-1.9978628,43.247555,127.30932,3.2496589084378558,08:32.7,6,0.16,0101000020E6100000ED7713FC3EF7FFBFA33F35D4AF9F4540,20230420_DACIA_HERNANI_TOLOSA_038,,d1,03:27.6,24:28.4,DACIA_SPRING,Dacia Spring 33 kW,33000,139,06:35.5,2.2,3.6,249,WSW,-1.5327357513203406,-94.19877404468492,428,118,3.0,50.0,197.0,,,,178,311,117,8,2
08:38.4,,,87,,98.5,,,,,,,38,-1.9979843,43.2459,132.67264,3.4340274753548052,08:38.8,6,-0.396,0101000020E6100000A9C59E5ABEF7FFBF404615A8799F4540,20230420_DACIA_HERNANI_TOLOSA_038,,d1,03:27.6,24:28.4,DACIA_SPRING,Dacia Spring 33 kW,33000,139,06:35.5,2.2,3.6,249,WSW,-2.2578039974161026,-107.84147399991696,428,118,3.0,50.0,197.0,,,,178,311,117,90,2
08:43.9,,,87,,98.5,,,,,,,38,-1.998423,43.244537,137.18102,3.5897612157737147,08:43.8,6,0.061,0101000020E61000009C21505D8AF9FFBF06A2040F4D9F4540,20230420_DACIA_HERNANI_TOLOSA_038,,d1,03:27.6,24:28.4,DACIA_SPRING,Dacia Spring 33 kW,33000,139,06:35.5,2.2,3.6,249,WSW,-2.853490061869832,-121.43254873093473,428,118,3.0,50.0,197.0,,,,178,311,117,120,2
08:49.2,,,87,,98.5,,,,,,,38,-1.9991827,43.243294,140.46655,3.741091431260695,08:48.8,6,0.409,0101000020E6100000C796860DA7FCFFBF37164E35249F4540,20230420_DACIA_HERNANI_TOLOSA_038,,d1,03:27.6,24:28.4,DACIA_SPRING,Dacia Spring 33 kW,33000,139,10:55.7,2.2,3.6,250,WSW,-3.125446902706305,-130.24779245981668,428,118,3.0,50.0,197.0,,,,178,311,117,45,2
08:54.8,,,86,,98.5,,,,,,,38,-2.0003424,43.241924,146.2719,3.920156807236685,08:54.9,6,-0.081,0101000020E6100000A4A96D88B30000C063F8195BF79E4540,20230420_DACIA_HERNANI_TOLOSA_038,,d1,03:27.6,24:28.4,DACIA_SPRING,Dacia Spring 33 kW,33000,139,10:55.7,2.2,3.6,250,WSW,-3.1464233902193133,-130.92761209710545,428,118,3.0,50.0,197.0,,,,178,311,117,8,2
09:00.2,,,86,,98.5,,,,,,,38,-2.001343,43.24077,151.7301,4.0720279730403135,08:59.9,6,0.308,0101000020E61000006F720321C00200C08E3CFA74D19E4540,20230420_DACIA_HERNANI_TOLOSA_038,,d1,03:27.6,24:28.4,DACIA_SPRING,Dacia Spring 33 kW,33000,139,10:55.7,2.2,3.6,250,WSW,-2.7576917088838617,-119.99830925207569,428,118,3.0,50.0,197.0,,,,178,311,117,45,2
09:05.7,,,86,,98.5,,,,,,,38,-2.0022361,43.239223,157.7989,4.258739041637124,09:05.9,6,-0.249,0101000020E610000076FD9465940400C0789BF3ED9E9E4540,20230420_DACIA_HERNANI_TOLOSA_038,,d1,03:27.6,24:28.4,DACIA_SPRING,Dacia Spring 33 kW,33000,139,10:55.7,2.2,3.6,250,WSW,-1.909404651172156,-102.03182156847193,428,118,3.0,50.0,197.0,,,,178,311,117,25,2
09:11.1,,,86,,98.5,,,,,,,38,-2.002533,43.23783,161.23372,4.41552729196636,09:11.0,6,0.154,0101000020E6100000685CD0F92F0500C0DF32AF3B719E4540,20230420_DACIA_HERNANI_TOLOSA_038,,d1,03:27.6,24:28.4,DACIA_SPRING,Dacia Spring 33 kW,33000,139,10:55.7,2.2,3.6,250,WSW,-1.2988244552525878,-91.1483870222764,428,118,3.0,50.0,197.0,,,,178,311,117,25,2
09:16.7,,,86,,98.5,,,,,,,38,-2.002568,43.236084000000005,164.78583,4.609726824608368,09:17.0,6,-0.32,0101000020E610000000238C6B420500C0C6139BFD379E4540,20230420_DACIA_HERNANI_TOLOSA_038,,d1,03:27.6,24:28.4,DACIA_SPRING,Dacia Spring 33 kW,33000,139,10:55.7,2.2,3.6,250,WSW,-1.5188101299644166,-94.95407631960988,428,118,3.0,50.0,197.0,,,,178,311,117,8,2
09:22.2,,,86,,98.5,,,,,,,38,-2.0026884,43.234695,166.43571,4.764493043461216,09:22.0,6,0.175,0101000020E61000008E90EC83810500C02E2434710A9E4540,20230420_DACIA_HERNANI_TOLOSA_038,,d1,03:27.6,24:28.4,DACIA_SPRING,Dacia Spring 33 kW,33000,139,10:55.7,2.2,3.6,250,WSW,-2.5364382340308054,-114.79450672586836,428,118,3.0,50.0,197.0,,,,178,311,117,8,3
09:27.8,,,86,,98.5,,,,,,,38,-2.0034423,43.233063,167.64186,4.9559690545721775,09:28.1,6,-0.3229999999999999,0101000020E61000000530F1C40C0700C0C9B85CF7D49D4540,20230420_DACIA_HERNANI_TOLOSA_038,,d1,03:27.6,24:28.4,DACIA_SPRING,Dacia Spring 33 kW,33000,139,10:55.7,2.2,3.6,250,WSW,-3.292294729595212,-136.1385466495781,428,118,3.0,50.0,197.0,,,,178,311,117,25,3
09:33.2,,,86,,98.5,,,,,,,38,-2.0049074,43.231655,167.43335,5.152438472405544,09:33.2,6,0.064,0101000020E610000009D9FDE60C0A00C07D4A0AD9A69D4540,20230420_DACIA_HERNANI_TOLOSA_038,,d1,03:27.6,24:28.4,DACIA_SPRING,Dacia Spring 33 kW,33000,139,10:55.7,2.2,3.6,250,WSW,-3.5756424042253947,-153.3311835646184,428,118,3.0,50.0,197.0,,,,178,311,117,45,3
09:38.8,,,86,,98.5,,,,,,,38,-2.006761,43.230724,167.38852,5.3348347549353266,09:39.2,6,-0.414,0101000020E6100000ED76F1B9D80D00C0B01CF85D889D4540,20230420_DACIA_HERNANI_TOLOSA_038,,d1,03:27.6,24:28.4,DACIA_SPRING,Dacia Spring 33 kW,33000,139,10:55.7,2.2,3.6,250,WSW,-3.5999985010816453,-160.052284791898,428,118,3.0,50.0,197.0,,,,178,311,117,45,3
09:44.3,,,86,,98.5,,,,,,,38,-2.0084252,43.23012,166.2289,5.485469574450682,09:44.2,6,0.021,0101000020E610000020F0B442411100C0F775AA9C749D4540,20230420_DACIA_HERNANI_TOLOSA_038,,d1,03:27.6,24:28.4,DACIA_SPRING,Dacia Spring 33 kW,33000,139,10:55.7,2.2,3.6,250,WSW,-3.5995263596373093,-159.07057255189605,428,118,3.0,50.0,197.0,,,,178,311,117,45,3
09:49.7,,,86,,98.5,,,,,,,38,-2.0100071,43.229515,166.4819,5.630215216749638,09:49.3,6,0.4629999999999999,0101000020E6100000714CE3AC7E1400C04D2FB5C0609D4540,20230420_DACIA_HERNANI_TOLOSA_038,,d1,03:27.6,24:28.4,DACIA_SPRING,Dacia Spring 33 kW,33000,139,10:55.7,2.2,3.6,250,WSW,-3.598421836765396,-158.3034049036284,428,118,3.0,50.0,197.0,,,,178,311,117,120,3
09:55.3,,,86,,98.5,,,,,,,38,-2.0117614,43.228817,167.28098,5.792159371159384,09:55.3,6,-0.04,0101000020E61000003B6BEB56161800C0A283BFD6499D4540,20230420_DACIA_HERNANI_TOLOSA_038,,d1,03:27.6,24:28.4,DACIA_SPRING,Dacia Spring 33 kW,33000,139,10:55.7,2.2,3.6,250,WSW,-3.5977941221429504,-157.99414613844897,428,118,3.0,50.0,197.0,,,,178,311,117,25,3
10:00.6,,,86,,98.5,,,,,,,38,-2.0120509,43.2287,167.54158,5.8189822235941895,10:00.4,6,0.27,0101000020E61000008F13602CAE1800C0DFB5CAF6459D4540,20230420_DACIA_HERNANI_TOLOSA_038,,d1,03:27.6,24:28.4,DACIA_SPRING,Dacia Spring 33 kW,33000,139,10:55.7,2.2,3.6,250,WSW,-3.5476213273002863,-169.78569337206758,428,118,3.0,50.0,197.0,,,,178,311,117,25,3
10:06.2,,,86,,98.5,,,,,,,38,-2.0150478,43.22816,168.43493999999998,6.0691064343766685,10:06.4,6,-0.208,0101000020E6100000DA76A46AD11E00C08115BD52349D4540,20230420_DACIA_HERNANI_TOLOSA_038,,d1,03:27.6,24:28.4,DACIA_SPRING,Dacia Spring 33 kW,33000,139,10:55.7,2.2,3.6,250,WSW,-3.5999594730829467,-159.7281317003179,428,118,3.0,50.0,197.0,,,,178,311,117,8,3
10:11.6,,,86,,98.5,,,,,,,38,-2.0161037,43.22777,165.55956,6.165062651889106,10:11.4,6,0.15,0101000020E6100000EC6A0703FB2000C0E65735AB279D4540,20230420_DACIA_HERNANI_TOLOSA_038,,d1,03:27.6,24:28.4,DACIA_SPRING,Dacia Spring 33 kW,33000,139,10:55.7,2.2,3.6,250,WSW,-3.591924496116809,-156.16158071714133,428,118,3.0,50.0,197.0,,,,178,311,117,8,3
10:17.0,,,86,,98.5,,,,,,,38,-2.0167985,43.227463,158.2772,6.231299318186647,10:17.5,6,-0.425,0101000020E6100000CBA51031672200C0118072711D9D4540,20230420_DACIA_HERNANI_TOLOSA_038,,d1,03:27.6,24:28.4,DACIA_SPRING,Dacia Spring 33 kW,33000,139,10:55.7,2.2,3.6,250,WSW,-3.569964673043911,-152.59363735074817,428,118,3.0,50.0,197.0,,,,178,311,117,8,3
10:22.4,,,86,,98.5,,,,,,,38,-2.0170743000000004,43.22732,153.74962,6.259096168718171,10:22.5,6,-0.061,0101000020E6100000898520E8F72200C0CB897CE4189D4540,20230420_DACIA_HERNANI_TOLOSA_038,,d1,03:27.6,24:28.4,DACIA_SPRING,Dacia Spring 33 kW,33000,139,10:55.7,2.2,3.6,250,WSW,-3.577363849623518,-153.5714135049036,428,118,3.0,50.0,197.0,,,,178,311,117,8,3
10:28.2,,,86,,98.5,,,,,,,38,-2.0173097,43.227203,147.95337,6.282899725837083,10:28.5,6,-0.356,0101000020E6100000BC9A7F39732300C008F72FF6149D4540,20230420_DACIA_HERNANI_TOLOSA_038,,d1,03:27.6,24:28.4,DACIA_SPRING,Dacia Spring 33 kW,33000,139,10:55.7,2.2,3.6,250,WSW,-3.527342743633153,-148.4692109648527,428,118,3.0,50.0,197.0,,,,178,311,117,8,3
10:33.7,,,86,,98.5,,,,,,,38,-2.0174515,43.227116,143.35938000000002,6.298605900937291,10:33.6,6,0.165,0101000020E6100000FAD04C94BD2300C0F56D212D129D4540,20230420_DACIA_HERNANI_TOLOSA_038,,d1,03:27.6,24:28.4,DACIA_SPRING,Dacia Spring 33 kW,33000,139,10:55.7,2.2,3.6,250,WSW,-3.5348688941327344,-149.08465268700937,428,118,3.0,50.0,197.0,,,,178,311,117,45,3
10:39.3,,,86,,98.5,,,,,,,38,-2.0175734,43.227043,139.05566000000002,6.312095059419917,10:39.6,6,-0.332,0101000020E610000096717674FD2300C082DC32B70F9D4540,20230420_DACIA_HERNANI_TOLOSA_038,,d1,03:27.6,24:28.4,DACIA_SPRING,Dacia Spring 33 kW,33000,139,10:55.7,2.2,3.6,250,WSW,3.3828934348292705,0.0,428,118,3.0,50.0,197.0,,,,178,311,117,45,3
10:44.7,,,86,,98.5,,,,,,,38,-2.0175734,43.227043,139.05566000000002,6.312095059419917,10:44.7,6,0.059,0101000020E610000096717674FD2300C082DC32B70F9D4540,20230420_DACIA_HERNANI_TOLOSA_038,,d1,03:27.6,24:28.4,DACIA_SPRING,Dacia Spring 33 kW,33000,139,10:55.7,2.2,3.6,250,WSW,3.3828934348292705,0.0,428,118,3.0,50.0,197.0,,,,178,311,117,45,3
10:50.3,,,86,,98.5,,,,,,,38,-2.0175734,43.227043,139.05566000000002,6.312095059419917,10:50.7,6,-0.412,0101000020E610000096717674FD2300C082DC32B70F9D4540,20230420_DACIA_HERNANI_TOLOSA_038,,d1,03:27.6,24:28.4,DACIA_SPRING,Dacia Spring 33 kW,33000,139,10:55.7,2.2,3.6,250,WSW,3.3828934348292705,0.0,428,118,3.0,50.0,197.0,,,,178,311,117,45,3
10:55.7,,,86,,98.5,,,,,,,38,-2.0175734,43.227043,139.05566000000002,6.312095059419917,10:55.8,6,-0.031,0101000020E610000096717674FD2300C082DC32B70F9D4540,20230420_DACIA_HERNANI_TOLOSA_038,,d1,03:27.6,24:28.4,DACIA_SPRING,Dacia Spring 33 kW,33000,139,10:55.7,2.2,3.6,250,WSW,-3.547554375417305,-150.20803919468327,428,118,3.0,50.0,197.0,,,,178,311,117,45,3
11:01.2,,,86,,98.5,,,,,,,38,-2.0175996,43.227028,138.76508,6.314810303737608,11:00.8,6,0.472,0101000020E61000007EF852300B2400C08EE84B350F9D4540,20230420_DACIA_HERNANI_TOLOSA_038,,d1,03:27.6,24:28.4,DACIA_SPRING,Dacia Spring 33 kW,33000,139,10:55.7,2.2,3.6,250,WSW,-3.572737211551794,-152.94420468160612,428,118,3.0,50.0,197.0,,,,178,311,117,45,3
11:06.7,,,86,,98.5,,,,,,,38,-2.018046,43.2268,136.2897,6.359048400335796,11:06.8,6,-0.047,0101000020E610000097558B41F52400C026DEC5B1079D4540,20230420_DACIA_HERNANI_TOLOSA_038,,d1,03:27.6,24:28.4,DACIA_SPRING,Dacia Spring 33 kW,33000,139,10:55.7,2.2,3.6,250,WSW,-3.585255146661169,-154.8125377231984,428,118,3.0,50.0,197.0,,,,178,311,117,45,3
11:12.2,,,86,,98.5,,,,,,,38,-2.01845,43.22661,135.52771,6.39801476505307,11:11.8,6,0.352,0101000020E61000001AC4C716C92500C0AEA0F97D019D4540,20230420_DACIA_HERNANI_TOLOSA_038,,d1,03:27.6,24:28.4,DACIA_SPRING,Dacia Spring 33 kW,33000,139,10:55.7,2.2,3.6,250,WSW,-3.569102986685342,-152.48799737658746,428,118,3.0,50.0,197.0,,,,178,311,117,45,3
11:17.7,,,86,,98.5,,,,,,,38,-2.0188148,43.226420000000005,134.14095,6.434372554667721,11:17.9,6,-0.19,0101000020E6100000754DDA59882600C097FBA257FB9C4540,20230420_DACIA_HERNANI_TOLOSA_038,,d1,03:27.6,24:28.4,DACIA_SPRING,Dacia Spring 33 kW,33000,139,11:35.4,2.2,3.6,250,WSW,-3.5802035772843404,-153.9885539222846,428,118,3.0,50.0,197.0,,,,178,311,117,45,3
11:23.1,,,86,,98.5,,,,,,,38,-2.0190935000000003,43.226284,132.5965,6.461593448802087,11:22.9,6,0.152,0101000020E6100000EA8DB0851A2700C07E9965DAF69C4540,20230420_DACIA_HERNANI_TOLOSA_038,,d1,03:27.6,24:28.4,DACIA_SPRING,Dacia Spring 33 kW,33000,139,11:35.4,2.2,3.6,250,WSW,-3.576702300586928,-166.52194889613995,428,118,3.0,50.0,197.0,,,,178,311,117,45,3
11:28.5,,,86,,98.5,,,,,,,38,-2.0194857,43.22619,131.4779,6.495064149439432,11:28.9,6,-0.418,0101000020E610000043DF0414E82700C06F8654C1F39C4540,20230420_DACIA_HERNANI_TOLOSA_038,,d1,03:27.6,24:28.4,DACIA_SPRING,Dacia Spring 33 kW,33000,139,11:35.4,2.2,3.6,250,WSW,-3.586166058504052,-165.02456558595392,428,118,3.0,50.0,197.0,,,,178,311,117,45,3
11:33.9,,,86,,98.5,,,,,,,38,-2.0197773,43.226112,130.01148999999998,6.520274768464032,11:33.9,6,-0.08,0101000020E61000004CE799F6802800C0C5B81232F19C4540,20230420_DACIA_HERNANI_TOLOSA_038,,d1,03:27.6,24:28.4,DACIA_SPRING,Dacia Spring 33 kW,33000,139,11:35.4,2.2,3.6,250,WSW,-3.5485327406320955,-169.69997620436123,428,118,3.0,50.0,197.0,,,,178,311,117,45,3
11:39.4,,,86,,98.5,,,,,,,38,-2.0199864,43.226074,127.41185,6.53792809841133,11:39.0,6,0.35,0101000020E6100000A271C296EE2800C06215B3F6EF9C4540,20230420_DACIA_HERNANI_TOLOSA_038,,d1,03:27.6,24:28.4,DACIA_SPRING,Dacia Spring 33 kW,33000,139,11:35.4,2.2,3.6,250,WSW,-3.278930358089289,175.61808215240745,428,118,3.0,50.0,197.0,,,,178,311,117,45,3
11:44.8,,,86,,98.5,,,,,,,38,-2.0200386000000004,43.226078,126.567955,6.542263741452014,11:45.0,6,-0.217,0101000020E610000063651EF6092900C050BEC21BF09C4540,20230420_DACIA_HERNANI_TOLOSA_038,,d1,03:27.6,24:28.4,DACIA_SPRING,Dacia Spring 33 kW,33000,139,11:35.4,2.2,3.6,250,WSW,3.3828934348292705,0.0,428,118,3.0,50.0,197.0,,,,178,311,117,45,3
11:50.3,,,86,,98.5,,,,,,,38,-2.0200386000000004,43.226078,126.567955,6.542263741452014,11:50.1,6,0.258,0101000020E610000063651EF6092900C050BEC21BF09C4540,20230420_DACIA_HERNANI_TOLOSA_038,,d1,03:27.6,24:28.4,DACIA_SPRING,Dacia Spring 33 kW,33000,139,11:35.4,2.2,3.6,250,WSW,3.3828934348292705,0.0,428,118,3.0,50.0,197.0,,,,178,311,117,45,3
11:55.8,,,86,,98.5,,,,,,,38,-2.0200386000000004,43.226078,126.567955,6.542263741452014,11:56.2,6,-0.319,0101000020E610000063651EF6092900C050BEC21BF09C4540,20230420_DACIA_HERNANI_TOLOSA_038,,d1,03:27.6,24:28.4,DACIA_SPRING,Dacia Spring 33 kW,33000,139,11:35.4,2.2,3.6,250,WSW,3.3828934348292705,0.0,428,118,3.0,50.0,197.0,,,,178,311,117,45,3
12:01.3,,,86,,98.5,,,,,,,38,-2.0200386000000004,43.226078,126.567955,6.542263741452014,12:01.2,6,0.153,0101000020E610000063651EF6092900C050BEC21BF09C4540,20230420_DACIA_HERNANI_TOLOSA_038,,d1,03:27.6,24:28.4,DACIA_SPRING,Dacia Spring 33 kW,33000,139,11:35.4,2.2,3.6,250,WSW,-3.5849535374736154,-165.2402856791998,428,118,3.0,50.0,197.0,,,,178,311,117,45,3
12:06.9,,,86,,98.5,,,,,,,38,-2.0201259,43.226055,125.76269,6.549828186334285,12:07.3,6,-0.4,0101000020E61000009AF1E8B2372900C0E65C9B58EF9C4540,20230420_DACIA_HERNANI_TOLOSA_038,,d1,03:27.6,24:28.4,DACIA_SPRING,Dacia Spring 33 kW,33000,139,11:35.4,2.2,3.6,250,WSW,-3.556055046252973,-168.96156091758098,428,118,3.0,50.0,197.0,,,,178,311,117,45,3
12:12.4,,,86,,98.5,,,,,,,38,-2.0203412,43.226013,124.39654,6.5679383788417365,12:12.3,6,0.071,0101000020E6100000B810EF97A82900C0B7F2A8F7ED9C4540,20230420_DACIA_HERNANI_TOLOSA_038,,d1,03:27.6,24:28.4,DACIA_SPRING,Dacia Spring 33 kW,33000,139,11:35.4,2.2,3.6,250,WSW,-3.535752728622356,-170.84080998915022,428,118,3.0,50.0,197.0,,,,178,311,117,45,3
12:17.9,,,86,,98.5,,,,,,,38,-2.0206265,43.225967,122.12161,6.591722454875164,12:18.3,6,-0.4029999999999999,0101000020E6100000FF89834E3E2A00C0F34D4B85EC9C4540,20230420_DACIA_HERNANI_TOLOSA_038,,d1,03:27.6,24:28.4,DACIA_SPRING,Dacia Spring 33 kW,33000,139,11:35.4,2.2,3.6,250,WSW,-3.5245574013144987,-171.7504923334923,428,118,3.0,50.0,197.0,,,,178,311,117,45,3
12:23.4,,,86,,98.5,,,,,,,38,-2.0208817,43.22593,121.74325,6.612808291295814,12:23.4,6,0.018,0101000020E6100000E811B2F3C32A00C0BEFAF842EB9C4540,20230420_DACIA_HERNANI_TOLOSA_038,,d1,03:27.6,24:28.4,DACIA_SPRING,Dacia Spring 33 kW,33000,139,11:35.4,2.2,3.6,250,WSW,-3.495849341569609,-173.8156087666467,428,118,3.0,50.0,197.0,,,,178,311,117,8,3
12:28.9,,,86,,98.5,,,,,,,38,-2.0212047,43.225895,122.41103,6.639274998754883,12:29.4,6,-0.475,0101000020E610000012DD58546D2B00C09C8E0213EA9C4540,20230420_DACIA_HERNANI_TOLOSA_038,,d1,03:27.6,24:28.4,DACIA_SPRING,Dacia Spring 33 kW,33000,139,11:35.4,2.2,3.6,250,WSW,-3.427540322998404,-177.8065323042349,428,118,3.0,50.0,197.0,,,,178,311,117,8,3
12:34.3,,,86,,98.5,,,,,,,38,-2.021518,43.225883,121.22223,6.6647223994262985,12:34.4,6,-0.14,0101000020E6100000D8806BAE112C00C0FDE4FEB8E99C4540,20230420_DACIA_HERNANI_TOLOSA_038,,d1,03:27.6,24:28.4,DACIA_SPRING,Dacia Spring 33 kW,33000,139,11:35.4,2.2,3.6,250,WSW,-3.4514807921917705,-176.51513755576812,428,118,3.0,50.0,197.0,,,,178,311,117,8,3
12:39.8,,,86,,98.5,,,,,,,38,-2.02183,43.225864,119.55318,6.690144626623886,12:39.5,6,0.31,0101000020E6100000A303433EB52C00C04D90F12BE99C4540,20230420_DACIA_HERNANI_TOLOSA_038,,d1,03:27.6,24:28.4,DACIA_SPRING,Dacia Spring 33 kW,33000,139,11:35.4,2.2,3.6,250,WSW,-3.3504930610673744,178.5430242692246,428,118,3.0,50.0,197.0,,,,178,311,117,8,3
12:45.2,,,86,,98.5,,,,,,,38,-2.0220659,43.22587,115.32214,6.709732076679447,12:45.5,6,-0.34,0101000020E61000000C5B8EDD302D00C062751342E99C4540,20230420_DACIA_HERNANI_TOLOSA_038,,d1,03:27.6,24:28.4,DACIA_SPRING,Dacia Spring 33 kW,33000,139,11:35.4,2.2,3.6,250,WSW,-3.452877972765738,-176.4367319371537,428,118,3.0,50.0,197.0,,,,178,311,117,8,3
12:50.9,,,86,,98.5,,,,,,,38,-2.0223389,43.225853,112.16468,6.73215546473564,12:50.6,6,0.292,0101000020E6100000B9CDC7F0BF2D00C06A4E79B8E89C4540,20230420_DACIA_HERNANI_TOLOSA_038,,d1,03:27.6,24:28.4,DACIA_SPRING,Dacia Spring 33 kW,33000,139,11:35.4,2.2,3.6,250,WSW,-3.38289343482927,180.0,428,118,3.0,50.0,197.0,,,,178,311,117,8,3
12:56.4,,,86,,98.5,,,,,,,38,-2.022825,43.225853,110.67742,6.771568941553301,12:56.8,6,-0.3429999999999999,0101000020E610000032AF36EFBE2E00C0042C10C4E89C4540,20230420_DACIA_HERNANI_TOLOSA_038,,d1,03:27.6,24:28.4,DACIA_SPRING,Dacia Spring 33 kW,33000,139,11:35.4,2.2,3.6,250,WSW,-3.307213013093406,176.73245384289635,428,118,3.0,50.0,197.0,,,,178,311,117,45,3
13:01.9,,,86,,98.5,,,,,,,38,-2.0231578000000003,43.225872,109.00947,6.798667498570407,13:01.6,6,0.291,0101000020E6100000573716606D2F00C0038A0667E99C4540,20230420_DACIA_HERNANI_TOLOSA_038,,d1,03:27.6,24:28.4,DACIA_SPRING,Dacia Spring 33 kW,33000,139,11:35.4,2.2,3.6,250,WSW,-3.220110342801109,173.44108683812968,428,118,3.0,50.0,197.0,,,,178,311,117,45,3
13:07.4,,,86,,98.5,,,,,,,38,-2.0234883000000004,43.22591,107.26293,6.8258331915351995,13:07.7,6,-0.2789999999999999,0101000020E610000043138BAA1A3000C087BB3092EA9C4540,20230420_DACIA_HERNANI_TOLOSA_038,,d1,03:27.6,24:28.4,DACIA_SPRING,Dacia Spring 33 kW,33000,139,11:35.4,2.2,3.6,250,WSW,-3.599423707326954,-158.97478790165815,428,118,3.0,50.0,197.0,,,,178,311,117,45,3
13:12.9,,,86,,98.5,,,,,,,38,-2.0236444,43.22585,105.7082,6.840216989973554,13:12.7,6,0.1989999999999999,0101000020E6100000006D258A6C3000C0188DFFADE89C4540,20230420_DACIA_HERNANI_TOLOSA_038,,d1,03:27.6,24:28.4,DACIA_SPRING,Dacia Spring 33 kW,33000,139,11:35.4,2.2,3.6,250,WSW,-3.501147378500716,-173.45796185327595,428,118,3.0,50.0,197.0,,,,178,311,117,90,3
13:18.4,,,86,,98.5,,,,,,,38,-2.023906,43.22582,103.62915,6.86177406853002,13:18.7,6,-0.336,0101000020E61000000CFC6490F53000C02EA058ABE79C4540,20230420_DACIA_HERNANI_TOLOSA_038,,d1,03:27.6,24:28.4,DACIA_SPRING,Dacia Spring 33 kW,33000,139,11:35.4,2.2,3.6,250,WSW,-3.2454201301395327,174.35668171767531,428,118,3.0,50.0,197.0,,,,178,311,117,90,3
13:24.0,,,86,,98.5,,,,,,,38,-2.0241084,43.225840000000005,102.32867,6.878374306633214,13:23.8,6,0.1689999999999999,0101000020E610000014E538CC5F3100C0A4489A6EE89C4540,20230420_DACIA_HERNANI_TOLOSA_038,,d1,03:27.6,24:28.4,DACIA_SPRING,Dacia Spring 33 kW,33000,139,11:35.4,2.2,3.6,250,WSW,-2.745822406012901,159.7053256961904,428,118,3.0,50.0,197.0,,,,178,311,117,90,3
13:29.4,,,86,,98.5,,,,,,,38,-2.0243707,43.225937,100.735146,6.902260267786703,13:29.8,6,-0.365,0101000020E6100000D11BB533E93100C007EFE07FEB9C4540,20230420_DACIA_HERNANI_TOLOSA_038,,d1,03:27.6,24:28.4,DACIA_SPRING,Dacia Spring 33 kW,33000,139,11:35.4,2.2,3.6,250,WSW,-3.5854613332659278,-165.15104018269818,428,118,3.0,50.0,197.0,,,,178,311,117,90,3
13:34.9,,,86,,98.5,,,,,,,38,-2.024812,43.22582,104.35835,6.940481230153834,13:34.8,6,0.034,0101000020E61000005C265E91D03200C0894F4890E79C4540,20230420_DACIA_HERNANI_TOLOSA_038,,d1,03:27.6,24:28.4,DACIA_SPRING,Dacia Spring 33 kW,33000,139,11:35.4,2.2,3.6,250,WSW,-3.5943029007400846,-163.22381835141232,428,118,3.0,50.0,197.0,,,,178,311,117,45,3
13:40.4,,,86,,98.5,,,,,,,38,-2.0252764,43.22568,105.27522,6.981211958451071,13:39.9,6,0.498,0101000020E6100000266AB92EC43300C0529B171BE39C4540,20230420_DACIA_HERNANI_TOLOSA_038,,d1,03:27.6,24:28.4,DACIA_SPRING,Dacia Spring 33 kW,33000,139,11:35.4,2.2,3.6,250,WSW,-3.4560377668039344,-176.25805786558,428,118,3.0,50.0,197.0,,,,178,311,117,45,3
13:45.8,,,86,,98.5,,,,,,,38,-2.0257351000000003,43.22565,104.67135,7.018531734669992,13:45.9,6,-0.12,0101000020E6100000702D939DB43400C045A5ED12E29C4540,20230420_DACIA_HERNANI_TOLOSA_038,,d1,03:27.6,24:28.4,DACIA_SPRING,Dacia Spring 33 kW,33000,139,15:55.8,2.2,3.6,250,WSW,-3.38289343482927,180.0,428,118,3.0,50.0,197.0,,,,178,311,117,45,3
13:51.3,,,86,,98.5,,,,,,,38,-2.0261536,43.22565,105.87135,7.052461308447533,13:50.9,6,0.341,0101000020E61000001A3C5507903500C088870F22E29C4540,20230420_DACIA_HERNANI_TOLOSA_038,,d1,03:27.6,24:28.4,DACIA_SPRING,Dacia Spring 33 kW,33000,139,15:55.8,2.2,3.6,250,WSW,-3.5123244362643344,-172.6710042854506,428,118,3.0,50.0,197.0,,,,178,311,117,45,3
13:56.7,,,86,,98.5,,,,,,,38,-2.0266201,43.22559,106.94753,7.090858187097129,13:57.0,6,-0.319,0101000020E6100000FE9C67AF843600C08E3AF31BE09C4540,20230420_DACIA_HERNANI_TOLOSA_038,,d1,03:27.6,24:28.4,DACIA_SPRING,Dacia Spring 33 kW,33000,139,15:55.8,2.2,3.6,250,WSW,-3.195922771860247,-132.59264787103842,428,118,3.0,50.0,197.0,,,,178,311,117,8,3
14:02.2,,,86,,98.5,,,,,,,38,-2.0268867,43.2253,105.3038,7.129705855029257,14:02.0,6,0.114,0101000020E610000018A2D661103700C096B7449ED69C4540,20230420_DACIA_HERNANI_TOLOSA_038,,d1,03:27.6,24:28.4,DACIA_SPRING,Dacia Spring 33 kW,33000,139,15:55.8,2.2,3.6,250,WSW,1.3129215956060436,-48.61085136521192,428,118,3.0,50.0,197.0,,,,178,311,117,8,3
14:07.7,,,86,,98.5,,,,,,,38,-2.026543,43.22491,104.141,7.181256577719408,14:08.0,6,-0.341,0101000020E61000001AD84B185C3600C0CD7EEDD2C99C4540,20230420_DACIA_HERNANI_TOLOSA_038,,d1,03:27.6,24:28.4,DACIA_SPRING,Dacia Spring 33 kW,33000,139,15:55.8,2.2,3.6,250,WSW,3.0911755724090555,-10.833554212828538,428,118,3.0,50.0,197.0,,,,178,311,117,45,3
14:13.2,,,86,,98.5,,,,,,,38,-2.0260727,43.22482,103.878075,7.220655515908182,14:13.1,6,0.105,0101000020E6100000416BB793653500C04CE5C7E7C69C4540,20230420_DACIA_HERNANI_TOLOSA_038,,d1,03:27.6,24:28.4,DACIA_SPRING,Dacia Spring 33 kW,33000,139,15:55.8,2.2,3.6,250,WSW,-0.6366803892689752,-80.18666438918467,428,118,3.0,50.0,197.0,,,,178,311,117,45,3
14:18.7,,,86,,98.5,,,,,,,38,-2.02593,43.223995,100.38901,7.313182916482205,14:19.2,6,-0.491,0101000020E610000079809FBA1A3500C0526B6EEDAB9C4540,20230420_DACIA_HERNANI_TOLOSA_038,,d1,03:27.6,24:28.4,DACIA_SPRING,Dacia Spring 33 kW,33000,139,15:55.8,2.2,3.6,250,WSW,-0.707438145792976,-81.33298193446147,428,118,3.0,50.0,197.0,,,,178,311,117,8,3
14:24.1,,,86,,98.5,,,,,,,38,-2.025789,43.22307,99.00069,7.416680093926141,14:24.2,6,-0.0819999999999999,0101000020E61000007F8863D6D03400C059B535748D9C4540,20230420_DACIA_HERNANI_TOLOSA_038,,d1,03:27.6,24:28.4,DACIA_SPRING,Dacia Spring 33 kW,33000,139,15:55.8,2.2,3.6,250,WSW,-0.3593487796259992,-75.72875386381239,428,118,3.0,50.0,197.0,,,,178,311,117,80,3
14:29.6,,,86,,98.5,,,,,,,38,-2.0255237,43.222027,97.81159,7.534637812786994,14:29.3,6,0.38,0101000020E6100000C221F5C4453400C0722745546B9C4540,20230420_DACIA_HERNANI_TOLOSA_038,,d1,03:27.6,24:28.4,DACIA_SPRING,Dacia Spring 33 kW,33000,139,15:55.8,2.2,3.6,250,WSW,-0.1422929231250281,-72.26525229963022,428,118,3.0,50.0,197.0,,,,178,311,117,8,3
14:35.1,,,86,,98.5,,,,,,,38,-2.0251217,43.22077,97.76716,7.67815529680328,14:35.3,6,-0.172,0101000020E61000002FA9DCF5723300C021C95235429C4540,20230420_DACIA_HERNANI_TOLOSA_038,,d1,03:27.6,24:28.4,DACIA_SPRING,Dacia Spring 33 kW,33000,139,15:55.8,2.2,3.6,250,WSW,-0.6053535096816178,-79.68049165406931,428,118,3.0,50.0,197.0,,,,178,311,117,80,4
14:40.6,,,86,,98.5,,,,,,,38,-2.0249276000000003,43.219704,98.526764,7.797730414503542,14:40.3,6,0.318,0101000020E61000002257303D0D3300C04475F0461F9C4540,20230420_DACIA_HERNANI_TOLOSA_038,,d1,03:27.6,24:28.4,DACIA_SPRING,Dacia Spring 33 kW,33000,139,15:55.8,2.2,3.6,250,WSW,-1.0815383359085449,-87.48327048486016,428,118,3.0,50.0,197.0,,,,178,311,117,30,4
14:46.1,,,86,,98.5,,,,,,,38,-2.0248709,43.218414,100.04727,7.941253488503352,14:46.4,6,-0.314,0101000020E61000003CDF6C83EF3200C0DACF3E0DF59B4540,20230420_DACIA_HERNANI_TOLOSA_038,,d1,03:27.6,24:28.4,DACIA_SPRING,Dacia Spring 33 kW,33000,139,15:55.8,2.2,3.6,250,WSW,-1.586244441191505,-96.14366683934324,428,118,3.0,50.0,197.0,,,,178,311,117,8,4
14:52.6,,,86,,98.5,,,,,,,38,-2.0249977,43.217236,101.85271,8.072655904273743,14:52.4,6,0.153,0101000020E6100000C96D690F323300C02F1B196ECE9B4540,20230420_DACIA_HERNANI_TOLOSA_038,,d1,03:27.6,24:28.4,DACIA_SPRING,Dacia Spring 33 kW,33000,139,15:55.8,2.2,3.6,250,WSW,-0.4627550682525526,-77.38541027519791,428,118,3.0,50.0,197.0,,,,178,311,117,8,4
14:58.0,,,86,,98.5,,,,,,,38,-2.0247936,43.216324,103.08976,8.175413001787579,14:57.5,6,0.498,0101000020E6100000A9E4E305C73200C0CD90218BB09B4540,20230420_DACIA_HERNANI_TOLOSA_038,,d1,03:27.6,24:28.4,DACIA_SPRING,Dacia Spring 33 kW,33000,139,15:55.8,2.2,3.6,250,WSW,0.2480476398958249,-66.04906880752361,428,118,3.0,50.0,197.0,,,,178,311,117,8,4
15:03.5,,,86,,98.5,,,,,,,38,-2.0243032,43.21522,102.75785,8.30444489174605,15:03.5,6,-0.0279999999999999,0101000020E6100000313548D3C53100C00A294E698C9B4540,20230420_DACIA_HERNANI_TOLOSA_038,,d1,03:27.6,24:28.4,DACIA_SPRING,Dacia Spring 33 kW,33000,139,15:55.8,2.2,3.6,250,WSW,-2.6884350853985235,-118.31286428422662,428,118,3.0,50.0,197.0,,,,178,311,117,30,4
15:08.9,,,86,,98.5,,,,,,,38,-2.0247288,43.21443,103.04087,8.398817498872951,15:08.5,6,0.407,0101000020E6100000D9649EFCA43200C03E80D079729B4540,20230420_DACIA_HERNANI_TOLOSA_038,,d1,03:27.6,24:28.4,DACIA_SPRING,Dacia Spring 33 kW,33000,139,15:55.8,2.2,3.6,250,WSW,-3.5958607387559907,-157.25217279047175,428,118,3.0,50.0,197.0,,,,178,311,117,8,4
15:14.4,,,85,,98.5,,,,,,,38,-2.0261264,43.213844,103.195404,8.52948377898276,15:14.6,6,-0.12,0101000020E6100000D210EFB1813500C0A83E2E365F9B4540,20230420_DACIA_HERNANI_TOLOSA_038,,d1,03:27.6,24:28.4,DACIA_SPRING,Dacia Spring 33 kW,33000,139,15:55.8,2.2,3.6,250,WSW,-3.558688492582732,-168.6883655865969,428,118,3.0,50.0,197.0,,,,178,311,117,8,4
15:20.0,,,85,,98.5,,,,,,,38,-2.0274212,43.213585,102.60863,8.638295627191626,15:19.6,6,0.3989999999999999,0101000020E6100000A19379A6283800C0FC9254B5569B4540,20230420_DACIA_HERNANI_TOLOSA_038,,d1,03:27.6,24:28.4,DACIA_SPRING,Dacia Spring 33 kW,33000,139,15:55.8,2.2,3.6,250,WSW,-3.591896577088063,-163.8450512307392,428,118,3.0,50.0,197.0,,,,178,311,117,8,4
15:25.5,,,85,,98.5,,,,,,,38,-2.0287848000000004,43.21319,101.1092,8.75721974274465,15:25.6,6,-0.152,0101000020E61000007AE16E7DF33A00C0D41A38B8499B4540,20230420_DACIA_HERNANI_TOLOSA_038,,d1,03:27.6,24:28.4,DACIA_SPRING,Dacia Spring 33 kW,33000,139,15:55.8,2.2,3.6,250,WSW,-3.5998341905352973,-160.54991137774448,428,118,3.0,50.0,197.0,,,,178,311,117,8,4
15:31.0,,,85,,98.5,,,,,,,38,-2.0299175,43.212790000000005,100.76852,8.859222778828977,15:30.7,6,0.318,0101000020E61000009A7EF552453D00C0462A9ECE3C9B4540,20230420_DACIA_HERNANI_TOLOSA_038,,d1,03:27.6,24:28.4,DACIA_SPRING,Dacia Spring 33 kW,33000,139,15:55.8,2.2,3.6,250,WSW,-3.598750610901879,-158.49044897654042,428,118,3.0,50.0,197.0,,,,178,311,117,10,4
15:36.5,,,85,,98.5,,,,,,,38,-2.0312877,43.21225,101.07587,8.98546037569586,15:36.7,6,-0.235,0101000020E610000099E2F0C2134000C02F41EFF12A9B4540,20230420_DACIA_HERNANI_TOLOSA_038,,d1,03:27.6,24:28.4,DACIA_SPRING,Dacia Spring 33 kW,33000,139,15:55.8,2.2,3.6,250,WSW,-3.586450398712704,-155.02737226984502,428,118,3.0,50.0,197.0,,,,178,311,117,10,5
15:42.0,,,85,,98.5,,,,,,,38,-2.0323935,43.211735,101.27839,9.09181061359808,15:41.7,6,0.246,0101000020E61000001BC85879574200C0B930CB1B1A9B4540,20230420_DACIA_HERNANI_TOLOSA_038,,d1,03:27.6,24:28.4,DACIA_SPRING,Dacia Spring 33 kW,33000,139,15:55.8,2.2,3.6,250,WSW,-3.436394757283437,-142.6602190065178,428,118,3.0,50.0,197.0,,,,178,311,117,80,5
15:47.4,,,85,,98.5,,,,,,,38,-2.0335588,43.210846,102.08824,9.228526184758238,15:47.8,6,-0.3929999999999999,0101000020E6100000844B107ABA4400C0326D82F5FC9A4540,20230420_DACIA_HERNANI_TOLOSA_038,,d1,03:27.6,24:28.4,DACIA_SPRING,Dacia Spring 33 kW,33000,139,15:55.8,2.2,3.6,250,WSW,-3.0270674989122988,-127.23020715996913,428,118,3.0,50.0,197.0,,,,178,311,117,8,5
15:53.1,,,85,,98.5,,,,,,,38,-2.0342746,43.209904,102.811874,9.348265338184866,15:52.9,6,0.262,0101000020E61000005C0AC5CE314600C0EE2BDD29DE9A4540,20230420_DACIA_HERNANI_TOLOSA_038,,d1,03:27.6,24:28.4,DACIA_SPRING,Dacia Spring 33 kW,33000,139,15:55.8,2.2,3.6,250,WSW,-3.064567333370226,-128.34992987651626,428,118,3.0,50.0,197.0,,,,178,311,117,30,5
15:58.6,,,85,,98.5,,,,,,,38,-2.0351346,43.208817,103.997475,9.487795345731662,15:58.8,6,-0.29,0101000020E610000043EDB1A4F44700C0522D6785BA9A4540,20230420_DACIA_HERNANI_TOLOSA_038,,d1,03:27.6,24:28.4,DACIA_SPRING,Dacia Spring 33 kW,33000,139,15:55.8,2.2,3.6,250,WSW,-3.018030724809642,-126.96543696588628,428,118,3.0,50.0,197.0,,,,178,311,117,80,5
16:04.0,,,85,,98.5,,,,,,,38,-2.035827,43.207897,105.9958,9.60449247470871,16:03.9,6,0.143,0101000020E61000002B8EAE925F4900C04675A25B9C9A4540,20230420_DACIA_HERNANI_TOLOSA_038,,d1,03:27.6,24:28.4,DACIA_SPRING,Dacia Spring 33 kW,33000,139,15:55.8,2.2,3.6,250,WSW,-2.906638002486491,-123.84262279228278,428,118,3.0,50.0,197.0,,,,178,311,117,80,5
16:09.4,,,85,,98.5,,,,,,,38,-2.0363433,43.207127,106.60713,9.699792890147208,16:08.9,6,0.471,0101000020E6100000C222CB576E4A00C068A28B27839A4540,20230420_DACIA_HERNANI_TOLOSA_038,,d1,03:27.6,24:28.4,DACIA_SPRING,Dacia Spring 33 kW,33000,139,15:55.8,2.2,3.6,250,WSW,-2.092188144287404,-105.53240979312106,428,118,3.0,50.0,197.0,,,,178,311,117,80,5
16:14.9,,,85,,98.5,,,,,,,38,-2.0366204,43.20613,107.96277,9.812914350020641,16:14.9,6,-0.05,0101000020E6100000A796039BFF4A00C01DA49883629A4540,20230420_DACIA_HERNANI_TOLOSA_038,,d1,03:27.6,24:28.4,DACIA_SPRING,Dacia Spring 33 kW,33000,139,15:55.8,2.2,3.6,250,WSW,-0.7407046615982661,-81.87348266526747,428,118,3.0,50.0,197.0,,,,178,311,117,80,5
16:20.4,,,85,,98.5,,,,,,,38,-2.0364926,43.205235,108.647514,9.912973752032197,16:20.0,6,0.451,0101000020E610000030FEFAABBC4A00C004ABBE28459A4540,20230420_DACIA_HERNANI_TOLOSA_038,,d1,03:27.6,24:28.4,DACIA_SPRING,Dacia Spring 33 kW,33000,139,16:35.4,2.2,3.6,250,WSW,-0.5864615549931017,-79.37561056945908,428,118,3.0,50.0,197.0,,,,178,311,117,80,5
16:25.9,,,85,,98.5,,,,,,,38,-2.0363007,43.204212,109.25303999999998,10.02778619310064,16:26.0,6,-0.062,0101000020E6100000A3CA41F2574A00C0A2DD1C98239A4540,20230420_DACIA_HERNANI_TOLOSA_038,,d1,03:27.6,24:28.4,DACIA_SPRING,Dacia Spring 33 kW,33000,139,16:35.4,2.2,3.6,250,WSW,-2.31830633021936,-110.08879158264968,428,118,3.0,50.0,197.0,,,,178,311,117,80,6
16:31.4,,,84,,98.5,,,,,,,38,-2.0366507,43.203255,109.34024,10.137916197442783,16:31.0,6,0.392,0101000020E61000006EEF9E830F4B00C09BCE6B48049A4540,20230420_DACIA_HERNANI_TOLOSA_038,,d1,03:27.6,24:28.4,DACIA_SPRING,Dacia Spring 33 kW,33000,139,16:35.4,2.2,3.6,250,WSW,-3.1870934361561574,-132.28892189430368,428,118,3.0,50.0,197.0,,,,178,311,117,40,6
16:37.0,,,84,,98.5,,,,,,,38,-2.037553,43.202263,108.96305,10.27026475678398,16:37.1,6,-0.089,0101000020E61000003ADC56A9E84C00C0648E57BDE3994540,20230420_DACIA_HERNANI_TOLOSA_038,,d1,03:27.6,24:28.4,DACIA_SPRING,Dacia Spring 33 kW,33000,139,16:35.4,2.2,3.6,250,WSW,-3.129023302561021,-130.36269470923293,428,118,3.0,50.0,197.0,,,,178,311,117,100,6
16:42.5,,,84,,98.5,,,,,,,38,-2.0383205,43.20136,108.18659,10.388386058750006,16:42.1,6,0.381,0101000020E6100000A2827AF47A4E00C009B4A41BC6994540,20230420_DACIA_HERNANI_TOLOSA_038,,d1,03:27.6,24:28.4,DACIA_SPRING,Dacia Spring 33 kW,33000,139,16:35.4,2.2,3.6,250,WSW,-3.0010002079659417,-126.4714993585792,428,118,3.0,50.0,197.0,,,,178,311,117,45,6
16:48.0,,,84,,98.5,,,,,,,38,-2.0391617,43.200222,108.581955,10.53212766110806,16:48.2,6,-0.188,0101000020E61000002950A9F5335000C0CCB3F9DFA0994540,20230420_DACIA_HERNANI_TOLOSA_038,,d1,03:27.6,24:28.4,DACIA_SPRING,Dacia Spring 33 kW,33000,139,16:35.4,2.2,3.6,250,WSW,-2.9351952145355806,-124.62020293153144,428,118,3.0,50.0,197.0,,,,178,311,117,8,6
16:53.6,,,84,,98.5,,,,,,,38,-2.0399363,43.1991,109.17731,10.671798231815663,16:53.3,6,0.318,0101000020E6100000B155AE20CA5100C02A94C0287C994540,20230420_DACIA_HERNANI_TOLOSA_038,,d1,03:27.6,24:28.4,DACIA_SPRING,Dacia Spring 33 kW,33000,139,16:35.4,2.2,3.6,250,WSW,-3.045037509638648,-127.76244999774454,428,118,3.0,50.0,197.0,,,,178,311,117,25,6
16:59.0,,,84,,98.5,,,,,,,38,-2.0409317,43.197815000000006,109.48279,10.835891838178856,16:59.3,6,-0.29,0101000020E6100000818A3F05D45300C00D7570FA51994540,20230420_DACIA_HERNANI_TOLOSA_038,,d1,03:27.6,24:28.4,DACIA_SPRING,Dacia Spring 33 kW,33000,139,16:35.4,2.2,3.6,250,WSW,-3.4013086580322454,-140.87533473912578,122,105,,,,0.0,0.0,107.0,15,114,8,45,5
17:04.5,,,84,,98.5,,,,,,,38,-2.0420935,43.19687,110.506256,10.97700159504196,17:04.3,6,0.168,0101000020E6100000E9748F26355600C0135C020733994540,20230420_DACIA_HERNANI_TOLOSA_038,,d1,03:27.6,24:28.4,DACIA_SPRING,Dacia Spring 33 kW,33000,139,16:35.4,2.2,3.6,250,WSW,-3.588005081059847,-164.678489924972,122,105,,,,0.0,0.0,107.0,15,114,8,100,5
17:09.9,,,84,,98.5,,,,,,,38,-2.0441594,43.196304,111.29223,11.155905360778103,17:10.4,6,-0.4679999999999999,0101000020E610000076213D44705A00C08358BC8F20994540,20230420_DACIA_HERNANI_TOLOSA_038,,d1,03:27.6,24:28.4,DACIA_SPRING,Dacia Spring 33 kW,33000,139,16:35.4,2.2,3.6,250,WSW,-3.483750013720289,-174.6001894177695,122,105,,,,0.0,0.0,107.0,15,114,8,25,5
17:15.4,,,83,,98.5,,,,,,,38,-2.0458944,43.19614,114.23633999999998,11.297756900217411,17:15.4,6,-0.003,0101000020E6100000100058D4FD5D00C017EA03101B994540,20230420_DACIA_HERNANI_TOLOSA_038,,d1,03:27.6,24:28.4,DACIA_SPRING,Dacia Spring 33 kW,33000,139,16:35.4,2.2,3.6,250,WSW,-3.4442347033330867,-176.91609950948978,122,105,,,,0.0,0.0,107.0,15,114,8,8,5
17:20.8,,,83,,98.5,,,,,,,38,-2.0476577,43.196045,118.745224,11.441155651590893,17:20.4,6,0.419,0101000020E6100000C4A4D96D9A6100C06CFAF90318994540,20230420_DACIA_HERNANI_TOLOSA_038,,d1,03:27.6,24:28.4,DACIA_SPRING,Dacia Spring 33 kW,33000,139,16:35.4,2.2,3.6,250,WSW,-3.5973672317968464,-162.1913874141221,122,105,,,,0.0,0.0,107.0,15,114,8,100,5
17:26.3,,,83,,98.5,,,,,,,38,-2.0493543,43.1955,122.99883,11.5915073039218,17:26.5,6,-0.122,0101000020E6100000DAF822E2136500C03871E92306994540,20230420_DACIA_HERNANI_TOLOSA_038,,d1,03:27.6,24:28.4,DACIA_SPRING,Dacia Spring 33 kW,33000,139,16:35.4,2.2,3.6,250,WSW,-3.476399926159206,-144.94273109046983,122,105,,,,0.0,0.0,107.0,15,114,8,100,5
17:31.8,,,83,,98.5,,,,,,,38,-2.0502906000000003,43.194843,125.11368,11.696875055937733,17:31.5,6,0.332,0101000020E6100000AB09C4B8FE6600C007A06899F0984540,20230420_DACIA_HERNANI_TOLOSA_038,,d1,03:27.6,24:28.4,DACIA_SPRING,Dacia Spring 33 kW,33000,139,16:35.4,2.2,3.6,250,WSW,-3.033597018698864,-127.42270555327426,122,105,,,,0.0,0.0,107.0,15,114,8,45,5
17:37.3,,,83,,98.5,,,,,,,38,-2.0511346,43.193740000000005,128.95715,11.837368715088154,17:37.5,6,-0.207,0101000020E6100000C0D74048B96800C097DDC777CC984540,20230420_DACIA_HERNANI_TOLOSA_038,,d1,03:27.6,24:28.4,DACIA_SPRING,Dacia Spring 33 kW,33000,139,16:35.4,2.2,3.6,250,WSW,-2.050386329582872,-104.71897440399746,122,105,,,,0.0,0.0,107.0,15,114,8,45,5
17:42.8,,,83,,98.5,,,,,,,38,-2.051448,43.192547,131.5361,11.972459891243949,17:42.6,6,0.261,0101000020E6100000B01B31AA5D6900C0D26BB16EA5984540,20230420_DACIA_HERNANI_TOLOSA_038,,d1,03:27.6,24:28.4,DACIA_SPRING,Dacia Spring 33 kW,33000,139,16:35.4,2.2,3.6,250,WSW,-0.5570078231816112,-78.90081244101289,122,105,,,,0.0,0.0,107.0,15,114,8,45,5
17:48.3,,,83,,98.5,,,,,,,38,-2.0511606,43.191082,134.33745,12.137042058375412,17:48.6,6,-0.287,0101000020E61000001CEFF7E6C66800C05194F46B75984540,20230420_DACIA_HERNANI_TOLOSA_038,,d1,03:27.6,24:28.4,DACIA_SPRING,Dacia Spring 33 kW,33000,139,16:35.4,2.2,3.6,250,WSW,-1.0154321901680263,-86.38345907471431,122,105,,,,0.0,0.0,107.0,15,114,8,100,4
17:53.8,,,83,,98.5,,,,,,,38,-2.0510821,43.18984,136.08934,12.275303810014702,17:53.7,6,0.1939999999999999,0101000020E610000049F681B49D6800C0988EBBA54C984540,20230420_DACIA_HERNANI_TOLOSA_038,,d1,03:27.6,24:28.4,DACIA_SPRING,Dacia Spring 33 kW,33000,139,16:35.4,2.2,3.6,250,WSW,-1.8210798926013927,-100.38816054814846,122,105,,,,0.0,0.0,107.0,15,114,8,25,4
17:59.4,,,83,,98.5,,,,,,,38,-2.051325,43.188515,138.83945,12.423972730535473,17:59.7,6,-0.318,0101000020E61000006C341E291D6900C0FC94403621984540,20230420_DACIA_HERNANI_TOLOSA_038,,d1,03:27.6,24:28.4,DACIA_SPRING,Dacia Spring 33 kW,33000,139,16:35.4,2.2,3.6,250,WSW,-1.8495680465270803,-100.9152021204019,122,105,,,,0.0,0.0,107.0,15,114,8,25,4
18:04.8,,,82,,98.5,,,,,,,38,-2.0515487,43.187355,140.1366,12.554234087875573,18:04.7,6,0.096,0101000020E6100000A5B5A36E926900C0AE438B33FB974540,20230420_DACIA_HERNANI_TOLOSA_038,,d1,03:27.6,24:28.4,DACIA_SPRING,Dacia Spring 33 kW,33000,139,16:35.4,2.2,3.6,250,WSW,-1.7177631025745654,-98.49984725273336,122,105,,,,0.0,0.0,107.0,15,114,8,25,4
18:10.3,,,82,,98.5,,,,,,,38,-2.0517654,43.185905,141.46329,12.716426555062585,18:10.7,6,-0.486,0101000020E6100000389994F7036A00C0FB5C4DC9CB974540,20230420_DACIA_HERNANI_TOLOSA_038,,d1,03:27.6,24:28.4,DACIA_SPRING,Dacia Spring 33 kW,33000,139,16:35.4,2.2,3.6,250,WSW,-0.8595947111631561,-83.81432836797165,122,105,,,,0.0,0.0,107.0,15,114,8,100,4
18:15.8,,,82,,98.5,,,,,,,38,-2.0516348,43.1847,142.19167,12.850836153927634,18:15.8,6,-0.005,0101000020E610000058FAA178BF6900C0E2AA7D4AA4974540,20230420_DACIA_HERNANI_TOLOSA_038,,d1,03:27.6,24:28.4,DACIA_SPRING,Dacia Spring 33 kW,33000,139,16:35.4,2.2,3.6,250,WSW,-0.768406881731616,-82.32439437767904,122,105,,,,0.0,0.0,107.0,15,114,8,100,4
18:21.2,,,82,,98.5,,,,,,,38,-2.0514724,43.183495,143.62039,12.98547903625906,18:20.8,6,0.3779999999999999,0101000020E61000007A9DD35B6A6900C0A51CFBCC7C974540,20230420_DACIA_HERNANI_TOLOSA_038,,d1,03:27.6,24:28.4,DACIA_SPRING,Dacia Spring 33 kW,33000,139,16:35.4,2.2,3.6,250,WSW,-2.022250937255632,-104.17596465293374,122,105,,,,0.0,0.0,107.0,15,114,8,100,4
18:26.7,,,82,,98.5,,,,,,,38,-2.0517793,43.18228,146.02848999999998,13.122874438050447,18:26.9,6,-0.1169999999999999,0101000020E61000006A4EB83E0B6A00C02F9BA3FC54974540,20230420_DACIA_HERNANI_TOLOSA_038,,d1,03:27.6,24:28.4,DACIA_SPRING,Dacia Spring 33 kW,33000,139,16:35.4,2.2,3.6,250,WSW,-2.879367575568108,-123.11333004803188,122,105,,,,0.0,0.0,107.0,15,114,8,8,3
18:32.1,,,82,,98.5,,,,,,,38,-2.05241,43.181313,147.24084,13.241947214191553,18:31.9,6,0.213,0101000020E6100000786A81D1556B00C0AC91BB3535974540,20230420_DACIA_HERNANI_TOLOSA_038,,d1,03:27.6,24:28.4,DACIA_SPRING,Dacia Spring 33 kW,33000,139,16:35.4,2.2,3.6,250,WSW,-3.158433398060436,-131.32344696771875,122,105,,,,0.0,0.0,107.0,15,114,8,25,3
18:37.6,,,82,,98.5,,,,,,,38,-2.0535073,43.180065,145.2482,13.406803426257213,18:37.9,6,-0.302,0101000020E610000014A3E432956D00C07A2673540C974540,20230420_DACIA_HERNANI_TOLOSA_038,,d1,03:27.6,24:28.4,DACIA_SPRING,Dacia Spring 33 kW,33000,139,16:35.4,2.2,3.6,250,WSW,-3.290507019033465,-136.0683091279796,122,105,,,,0.0,0.0,107.0,15,114,8,8,3
18:43.1,,,82,,98.5,,,,,,,38,-2.054537,43.179073,141.90775,13.54518517477757,18:43.0,6,0.17,0101000020E61000001E145D2AB16F00C09A5871D0EB964540,20230420_DACIA_HERNANI_TOLOSA_038,,d1,03:27.6,24:28.4,DACIA_SPRING,Dacia Spring 33 kW,33000,139,16:35.4,2.2,3.6,250,WSW,-2.8835253368039706,-123.22371682878332,122,105,,,,0.0,0.0,107.0,15,114,8,45,3
18:48.6,,,82,,98.5,,,,,,,38,-2.0553865,43.177776,137.53131000000002,13.705070596242885,18:49.0,6,-0.429,0101000020E61000001C90A78E6E7100C09BF8FC51C1964540,20230420_DACIA_HERNANI_TOLOSA_038,,d1,03:27.6,24:28.4,DACIA_SPRING,Dacia Spring 33 kW,33000,139,20:55.7,2.2,3.6,253,WSW,-2.86628633473497,-125.76786047121033,122,105,,,,0.0,0.0,107.0,15,114,8,45,3
18:54.1,,,82,,98.5,,,,,,,38,-2.0561256,43.17675,136.03973,13.83394915902732,18:54.0,6,0.042,0101000020E61000009C8293F9F17200C0EB685FC79F964540,20230420_DACIA_HERNANI_TOLOSA_038,,d1,03:27.6,24:28.4,DACIA_SPRING,Dacia Spring 33 kW,33000,139,20:55.7,2.2,3.6,253,WSW,-3.262810916061328,-138.00387476923842,122,105,,,,0.0,0.0,107.0,15,114,8,25,3
18:59.6,,,82,,98.5,,,,,,,38,-2.0573330000000003,43.175663,134.14343,13.989508432014418,19:00.1,6,-0.477,0101000020E6100000B61357086B7500C094AB2B127C964540,20230420_DACIA_HERNANI_TOLOSA_038,,d1,03:27.6,24:28.4,DACIA_SPRING,Dacia Spring 33 kW,33000,139,20:55.7,2.2,3.6,253,WSW,-3.4036759694392886,-143.99066987105613,122,105,,,,0.0,0.0,107.0,15,114,8,25,3
19:05.1,,,82,,98.5,,,,,,,38,-2.0585039000000003,43.174812,131.38069,14.123587391938448,19:05.1,6,-0.006,0101000020E6100000AF4996DDD07700C0041B694A60964540,20230420_DACIA_HERNANI_TOLOSA_038,,d1,03:27.6,24:28.4,DACIA_SPRING,Dacia Spring 33 kW,33000,139,20:55.7,2.2,3.6,253,WSW,-3.3511414961545984,-141.57125436364308,122,105,,,,0.0,0.0,107.0,15,114,8,8,2
19:10.7,,,82,,98.5,,,,,,,38,-2.0600693,43.17357,129.70248,14.311176408292729,19:11.2,6,-0.4539999999999999,0101000020E61000003B6AE3AF057B00C01BA1668B37964540,20230420_DACIA_HERNANI_TOLOSA_038,,d1,03:27.6,24:28.4,DACIA_SPRING,Dacia Spring 33 kW,33000,139,20:55.7,2.2,3.6,253,WSW,-3.332423608226382,-140.77009140947808,122,105,,,,0.0,0.0,107.0,15,114,8,25,2
19:16.2,,,82,,98.5,,,,,,,38,-2.0612292,43.172623,128.80241,14.452373263974733,19:16.2,6,0.023,0101000020E6100000A681CEB8657D00C0D096727A18964540,20230420_DACIA_HERNANI_TOLOSA_038,,d1,03:27.6,24:28.4,DACIA_SPRING,Dacia Spring 33 kW,33000,139,20:55.7,2.2,3.6,253,WSW,-3.3393259852315733,-141.06228777637483,122,105,,,,0.0,0.0,107.0,15,114,8,25,2
19:21.6,,,82,,98.5,,,,,,,38,-2.0623963,43.17168,127.81368,14.593630836002097,19:21.3,6,0.27,0101000020E61000007C4B4094C97F00C069C48F99F9954540,20230420_DACIA_HERNANI_TOLOSA_038,,d1,03:27.6,24:28.4,DACIA_SPRING,Dacia Spring 33 kW,33000,139,20:55.7,2.2,3.6,253,WSW,-3.393148201012462,-143.48278731315108,122,105,,,,0.0,0.0,107.0,15,114,8,25,2
19:27.1,,,82,,98.5,,,,,,,38,-2.0639265,43.170547,126.27834,14.770473640300011,19:27.3,6,-0.209,0101000020E6100000D2897CD1EB8200C07EEFA370D4954540,20230420_DACIA_HERNANI_TOLOSA_038,,d1,03:27.6,24:28.4,DACIA_SPRING,Dacia Spring 33 kW,33000,139,20:55.7,2.2,3.6,253,WSW,-3.3813457246302963,-142.92810309345458,122,105,,,,0.0,0.0,107.0,15,114,8,25,2
19:32.5,,,82,,98.5,,,,,,,38,-2.0651667,43.16961,126.06412,14.91528817201089,19:32.3,6,0.152,0101000020E6100000D64C042C768500C045FA9AC4B5954540,20230420_DACIA_HERNANI_TOLOSA_038,,d1,03:27.6,24:28.4,DACIA_SPRING,Dacia Spring 33 kW,33000,139,20:55.7,2.2,3.6,253,WSW,-3.0304671982182825,-130.33030868536235,122,105,,,,0.0,0.0,107.0,15,114,8,45,2
19:38.0,,,82,,98.5,,,,,,,38,-2.0662398,43.168346,125.46899,15.080601475236989,19:38.4,6,-0.421,0101000020E6100000B4C1C2C9A88700C0EDE9FA518C954540,20230420_DACIA_HERNANI_TOLOSA_038,,d1,03:27.6,24:28.4,DACIA_SPRING,Dacia Spring 33 kW,33000,139,20:55.7,2.2,3.6,253,WSW,-1.4991210506046044,-97.60893095919428,122,105,,,,0.0,0.0,107.0,15,114,8,100,2
19:43.4,,,82,,98.5,,,,,,,38,-2.0663977,43.167164,127.28033,15.212668674254234,19:43.4,6,-0.052,0101000020E6100000CAE17589FB8700C0F4D2399765954540,20230420_DACIA_HERNANI_TOLOSA_038,,d1,03:27.6,24:28.4,DACIA_SPRING,Dacia Spring 33 kW,33000,139,20:55.7,2.2,3.6,253,WSW,-0.1566692613889724,-75.49425648307295,122,105,,,,0.0,0.0,107.0,15,114,8,25,2
19:48.9,,,82,,98.5,,,,,,,38,-2.0661056,43.166035,130.35228,15.340460325876206,19:48.5,6,0.441,0101000020E6100000CB584F56628700C07E9C75A340954540,20230420_DACIA_HERNANI_TOLOSA_038,,d1,03:27.6,24:28.4,DACIA_SPRING,Dacia Spring 33 kW,33000,139,20:55.7,2.2,3.6,253,WSW,-0.9163976065837204,-87.74721194405686,122,105,,,,0.0,0.0,107.0,15,114,8,25,1
19:54.4,,,82,,98.5,,,,,,,38,-2.0660580000000004,43.164825,133.44705,15.475097133818762,19:54.5,6,-0.111,0101000020E6100000183FA453498700C063CCFD0119954540,20230420_DACIA_HERNANI_TOLOSA_038,,d1,03:27.6,24:28.4,DACIA_SPRING,Dacia Spring 33 kW,33000,139,20:55.7,2.2,3.6,253,WSW,-2.800825204412706,-124.07845877650978,122,105,,,,0.0,0.0,107.0,15,114,8,25,1
19:59.8,,,82,,98.5,,,,,,,38,-2.066677,43.16391,137.10872,15.588611695928277,19:59.5,6,0.3289999999999999,0101000020E6100000410CE50A8E8800C0F3E259F3FA944540,20230420_DACIA_HERNANI_TOLOSA_038,,d1,03:27.6,24:28.4,DACIA_SPRING,Dacia Spring 33 kW,33000,139,20:55.7,2.2,3.6,253,WSW,-2.259509592668895,-111.87633418152176,122,105,,,,0.0,0.0,107.0,15,114,8,25,1
20:05.4,,,82,,98.5,,,,,,,38,-2.0671532,43.162724,140.08069,15.726060403977355,20:05.6,6,-0.16,0101000020E6100000B84AE098878900C023564F1BD4944540,20230420_DACIA_HERNANI_TOLOSA_038,,d1,03:27.6,24:28.4,DACIA_SPRING,Dacia Spring 33 kW,33000,139,20:55.7,2.2,3.6,253,WSW,-0.2254985664912527,-76.59127220866206,122,105,,,,0.0,0.0,107.0,15,114,8,25,1
20:10.9,,,82,,98.5,,,,,,,38,-2.0669067,43.16169,140.88287,15.842764065184681,20:10.6,6,0.301,0101000020E610000022A1B551068900C01886A237B2944540,20230420_DACIA_HERNANI_TOLOSA_038,,d1,03:27.6,24:28.4,DACIA_SPRING,Dacia Spring 33 kW,33000,139,20:55.7,2.2,3.6,253,WSW,0.4127846802999348,-66.41584616687159,122,105,,,,0.0,0.0,107.0,15,114,8,45,1
20:16.4,,,81,,98.5,,,,,,,38,-2.0663204,43.160347,138.22168,15.999510306751489,20:16.6,6,-0.257,0101000020E6100000D95D63FDD28700C01621103F86944540,20230420_DACIA_HERNANI_TOLOSA_038,,d1,03:27.6,24:28.4,DACIA_SPRING,Dacia Spring 33 kW,33000,139,20:55.7,2.2,3.6,253,WSW,0.3462259666984746,-67.48111244771513,122,105,,,,0.0,0.0,107.0,15,114,8,45,1
20:21.9,,,81,,98.5,,,,,,,38,-2.065849,43.15921,136.2561,16.131608883928322,20:21.7,6,0.2289999999999999,0101000020E6100000204943D2DB8600C0821149FE60944540,20230420_DACIA_HERNANI_TOLOSA_038,,d1,03:27.6,24:28.4,DACIA_SPRING,Dacia Spring 33 kW,33000,139,20:55.7,2.2,3.6,253,WSW,-1.478945786345454,-97.25624786361357,122,105,,,,0.0,0.0,107.0,15,114,8,45,1
20:27.4,,,81,,98.5,,,,,,,38,-2.06602,43.157867,136.50679,16.281586634321403,20:27.7,6,-0.336,0101000020E6100000D50D1678358700C05AA35F0535944540,20230420_DACIA_HERNANI_TOLOSA_038,,d1,03:27.6,24:28.4,DACIA_SPRING,Dacia Spring 33 kW,33000,139,20:55.7,2.2,3.6,253,WSW,-2.527891450326611,-117.60313969339975,122,105,,,,0.0,0.0,107.0,15,114,8,25,1
20:32.8,,,81,,98.5,,,,,,,38,-2.0665324000000003,43.156887,136.8568,16.398215464981803,20:32.8,6,0.011,0101000020E610000037CF811D428800C0ECB839DE14944540,20230420_DACIA_HERNANI_TOLOSA_038,,d1,03:27.6,24:28.4,DACIA_SPRING,Dacia Spring 33 kW,33000,139,20:55.7,2.2,3.6,253,WSW,-2.814151739511208,-124.41730039611146,122,105,,,,0.0,0.0,107.0,15,114,8,25,1
20:38.3,,,81,,98.5,,,,,,,38,-2.0671833,43.155937,137.81694,16.51631436467539,20:37.8,6,0.482,0101000020E6100000EA95A851978900C0A23B0CB0F5934540,20230420_DACIA_HERNANI_TOLOSA_038,,d1,03:27.6,24:28.4,DACIA_SPRING,Dacia Spring 33 kW,33000,139,20:55.7,2.2,3.6,253,WSW,-2.805197519979304,-124.18935488622525,122,105,,,,0.0,0.0,107.0,15,114,8,25,1
20:43.7,,,81,,98.5,,,,,,,38,-2.0679917000000003,43.154747,140.3956,16.664016161840504,20:43.8,6,-0.1689999999999999,0101000020E6100000A382B34B3F8B00C0C253A0B9CE934540,20230420_DACIA_HERNANI_TOLOSA_038,,d1,03:27.6,24:28.4,DACIA_SPRING,Dacia Spring 33 kW,33000,139,20:55.7,2.2,3.6,253,WSW,-2.8705189569654066,-125.87934073320712,122,105,,,,0.0,0.0,107.0,15,114,8,8,1
20:49.2,,,81,,98.5,,,,,,,38,-2.0686955,43.153774,141.2546,16.786350881601717,20:48.9,6,0.2739999999999999,0101000020E6100000C1883E3EB08C00C0657754E1AE934540,20230420_DACIA_HERNANI_TOLOSA_038,,d1,03:27.6,24:28.4,DACIA_SPRING,Dacia Spring 33 kW,33000,139,20:55.7,2.2,3.6,253,WSW,-2.6907615218974,-121.3685682266533,122,105,,,,0.0,0.0,107.0,15,114,8,8,1
20:54.5,,,81,,98.5,,,,,,,38,-2.0694094,43.152603000000006,141.10063,16.928857744664768,20:54.9,6,-0.366,0101000020E6100000E571A08D268E00C0DD431A8688934540,20230420_DACIA_HERNANI_TOLOSA_038,,d1,03:27.6,24:28.4,DACIA_SPRING,Dacia Spring 33 kW,33000,139,20:55.7,2.2,3.6,253,WSW,-2.2646829940330053,-111.98217668065452,122,105,,,,0.0,0.0,107.0,15,114,8,8,1
21:00.0,,,81,,98.5,,,,,,,38,-2.069828,43.151566,140.9107,17.0490631327107,20:59.9,6,0.08,0101000020E610000000872606028F00C0BB5C978D66934540,20230420_DACIA_HERNANI_TOLOSA_038,,d1,03:27.6,24:28.4,DACIA_SPRING,Dacia Spring 33 kW,33000,139,20:55.7,2.2,3.6,253,WSW,-2.3830473435354915,-114.44934157857806,122,105,,,,0.0,0.0,107.0,15,114,8,25,1
21:05.5,,,81,,98.5,,,,,,,38,-2.0703745,43.150364,142.17256,17.189885946072778,21:06.0,6,-0.495,0101000020E61000004A531C70209000C0E8A9A42C3F934540,20230420_DACIA_HERNANI_TOLOSA_038,,d1,03:27.6,24:28.4,DACIA_SPRING,Dacia Spring 33 kW,33000,139,20:55.7,2.2,3.6,253,WSW,-2.495464990630852,-116.88273875821052,122,105,,,,0.0,0.0,107.0,15,114,8,25,1
21:11.0,,,81,,98.5,,,,,,,38,-2.0708632,43.1494,142.28003,17.304174497793444,21:11.0,6,0.001,0101000020E61000001C5723C9209100C0450579851F934540,20230420_DACIA_HERNANI_TOLOSA_038,,d1,03:27.6,24:28.4,DACIA_SPRING,Dacia Spring 33 kW,33000,139,20:55.7,2.2,3.6,253,WSW,-2.1316912103260823,-109.3087640086218,122,105,,,,0.0,0.0,107.0,15,114,8,45,2
21:16.5,,,81,,98.5,,,,,,,38,-2.0711498,43.148582,140.86311,17.39806726779954,21:16.0,6,0.436,0101000020E61000004A461CF8B69100C0B44F50C604934540,20230420_DACIA_HERNANI_TOLOSA_038,,d1,03:27.6,24:28.4,DACIA_SPRING,Dacia Spring 33 kW,33000,139,21:35.5,2.2,3.6,253,WSW,-2.213623108126402,-110.94431356287514,122,105,,,,0.0,0.0,107.0,15,114,8,45,2
21:22.0,,,81,,98.5,,,,,,,38,-2.0714338,43.14784,139.30739,17.48374458000712,21:22.1,6,-0.1159999999999999,0101000020E610000007C58ADD4B9200C0022B896EEC924540,20230420_DACIA_HERNANI_TOLOSA_038,,d1,03:27.6,24:28.4,DACIA_SPRING,Dacia Spring 33 kW,33000,139,21:35.5,2.2,3.6,253,WSW,-2.212494681184993,-110.92154347453211,122,105,,,,0.0,0.0,107.0,15,114,8,25,2
21:27.5,,,81,,98.5,,,,,,,38,-2.0716238,43.147343,136.84604,17.541170629120764,21:27.1,6,0.369,0101000020E610000035D5F675AF9200C039627B1ADC924540,20230420_DACIA_HERNANI_TOLOSA_038,,d1,03:27.6,24:28.4,DACIA_SPRING,Dacia Spring 33 kW,33000,139,21:35.5,2.2,3.6,253,WSW,-1.225542370405941,-92.90297886187872,122,105,,,,0.0,0.0,107.0,15,114,8,25,2
21:33.0,,,81,,98.5,,,,,,,38,-2.0716488,43.14685,135.91394,17.596035153075235,21:33.2,6,-0.221,0101000020E6100000BEBF62A1BC9200C0659FD6FBCB924540,20230420_DACIA_HERNANI_TOLOSA_038,,d1,03:27.6,24:28.4,DACIA_SPRING,Dacia Spring 33 kW,33000,139,21:35.5,2.2,3.6,253,WSW,-0.8163144237227151,-86.10604152506481,122,105,,,,0.0,0.0,107.0,15,114,8,8,2
21:38.5,,,81,,98.5,,,,,,,38,-2.0716164,43.146374,134.38333,17.64905126764066,21:38.2,6,0.24,0101000020E610000073862BAEAB9200C0A1447558BC924540,20230420_DACIA_HERNANI_TOLOSA_038,,d1,03:27.6,24:28.4,DACIA_SPRING,Dacia Spring 33 kW,33000,139,21:35.5,2.2,3.6,253,WSW,-0.6777066158475119,-83.85078099677271,122,105,,,,0.0,0.0,107.0,15,114,8,25,2
21:43.9,,,81,,98.5,,,,,,,38,-2.0715802,43.146038,133.24878,17.686545183842526,21:44.3,6,-0.381,0101000020E610000018E98B92989200C018D63069B1924540,20230420_DACIA_HERNANI_TOLOSA_038,,d1,03:27.6,24:28.4,DACIA_SPRING,Dacia Spring 33 kW,33000,139,21:35.5,2.2,3.6,253,WSW,-1.839375789716724,137.72631096397166,122,105,,,,0.0,0.0,107.0,15,114,8,25,2
21:49.3,,,81,,98.5,,,,,,,38,-2.071589,43.146046000000005,132.92035,17.68773215012896,21:49.3,6,0.0579999999999999,0101000020E61000008D76E2399D9200C0F8686AAEB1924540,20230420_DACIA_HERNANI_TOLOSA_038,,d1,03:27.6,24:28.4,DACIA_SPRING,Dacia Spring 33 kW,33000,139,21:35.5,2.2,3.6,253,WSW,-1.8605515434805229,-104.11917560347835,122,105,,,,0.0,0.0,107.0,15,114,8,25,2
21:54.7,,,81,,98.5,,,,,,,38,-2.0716217,43.145916,131.63597,17.702484930706202,21:54.3,6,0.41,0101000020E6100000D69B406DAE9200C061006C52AD924540,20230420_DACIA_HERNANI_TOLOSA_038,,d1,03:27.6,24:28.4,DACIA_SPRING,Dacia Spring 33 kW,33000,139,21:35.5,2.2,3.6,253,WSW,-1.6816281763549268,-100.84744248955576,122,105,,,,0.0,0.0,107.0,15,114,8,25,2
22:00.2,,,81,,98.5,,,,,,,38,-2.071688,43.14557,131.11009,17.74133612137227,22:00.4,6,-0.13,0101000020E6100000D3A01E2AD19200C0ABDA7E01A2924540,20230420_DACIA_HERNANI_TOLOSA_038,,d1,03:27.6,24:28.4,DACIA_SPRING,Dacia Spring 33 kW,33000,139,21:35.5,2.2,3.6,253,WSW,0.7666571757135643,-60.704108398992936,122,105,,,,0.0,0.0,107.0,15,114,8,25,2
22:05.6,,,81,,98.5,,,,,,,38,-2.0714905,43.145218,129.49743999999998,17.78366024240445,22:05.4,6,0.238,0101000020E61000002E3F49A5699200C06FCF0D7196924540,20230420_DACIA_HERNANI_TOLOSA_038,,d1,03:27.6,24:28.4,DACIA_SPRING,Dacia Spring 33 kW,33000,139,21:35.5,2.2,3.6,253,WSW,-0.825122773868755,-86.2500223441056,122,105,,,,0.0,0.0,107.0,15,114,8,25,2
22:11.2,,,81,,98.5,,,,,,,38,-2.0714555,43.144684000000005,129.22186000000002,17.843106830193673,22:11.5,6,-0.288,0101000020E610000098AD3144579200C025BD2D0C85924540,20230420_DACIA_HERNANI_TOLOSA_038,,d1,03:27.6,24:28.4,DACIA_SPRING,Dacia Spring 33 kW,33000,139,21:35.5,2.2,3.6,253,WSW,-1.3571155790720122,-95.14652847021952,122,105,,,,0.0,0.0,107.0,15,114,8,25,2
22:16.6,,,81,,98.5,,,,,,,38,-2.0714827,43.144382,129.86792,17.876766329809207,22:16.5,6,0.125,0101000020E6100000E1A88282659200C0D52E5A2E7B924540,20230420_DACIA_HERNANI_TOLOSA_038,,d1,03:27.6,24:28.4,DACIA_SPRING,Dacia Spring 33 kW,33000,139,21:35.5,2.2,3.6,253,WSW,-0.7004457296284632,-84.21950354963822,122,105,,,,0.0,0.0,107.0,15,114,8,25,2
22:22.1,,,81,,98.5,,,,,,,38,-2.0714252,43.143814,130.67343,17.94010222427179,22:22.5,6,-0.43,0101000020E61000007C16ED5F479200C017B3258568924540,20230420_DACIA_HERNANI_TOLOSA_038,,d1,03:27.6,24:28.4,DACIA_SPRING,Dacia Spring 33 kW,33000,139,21:35.5,2.2,3.6,253,WSW,-0.7028708084528985,-84.25885454782329,122,105,,,,0.0,0.0,107.0,15,114,8,25,2
22:27.7,,,81,,98.5,,,,,,,38,-2.0713692,43.143257,130.62828000000002,18.002204237866515,22:27.6,6,0.08,0101000020E6100000B785AA0D2A9200C0EA89E14A56924540,20230420_DACIA_HERNANI_TOLOSA_038,,d1,03:27.6,24:28.4,DACIA_SPRING,Dacia Spring 33 kW,33000,139,21:35.5,2.2,3.6,253,WSW,-0.6602703508480857,-83.56835457345136,122,105,,,,0.0,0.0,107.0,15,114,8,10,2
22:33.2,,,81,,98.5,,,,,,,38,-2.0713568,43.143147,130.57803,18.014477087271313,22:33.6,6,-0.402,0101000020E6100000149AE180239200C0C66725AE52924540,20230420_DACIA_HERNANI_TOLOSA_038,,d1,03:27.6,24:28.4,DACIA_SPRING,Dacia Spring 33 kW,33000,139,21:35.5,2.2,3.6,253,WSW,-0.1580171496050564,-75.51572930950562,122,105,,,,0.0,0.0,107.0,15,114,8,10,2
22:38.7,,,81,,98.5,,,,,,,38,-2.071107,43.14218,129.97519,18.123897629529132,22:38.6,6,0.053,0101000020E61000004EAAF58DA09100C063430AFF32924540,20230420_DACIA_HERNANI_TOLOSA_038,,d1,03:27.6,24:28.4,DACIA_SPRING,Dacia Spring 33 kW,33000,139,21:35.5,2.2,3.6,253,WSW,-3.506981948310405,-149.94702273053773,122,105,,,,0.0,0.0,107.0,15,114,8,10,2
22:44.2,,,81,,98.5,,,,,,,38,-2.0712228,43.142113,128.35461,18.135997323638954,22:44.7,6,-0.441,0101000020E610000002A5FB3EDD9100C0337D85CE30924540,20230420_DACIA_HERNANI_TOLOSA_038,,d1,03:27.6,24:28.4,DACIA_SPRING,Dacia Spring 33 kW,33000,139,21:35.5,2.2,3.6,253,WSW,-1.9828943617343124,-106.42218749779464,122,105,,,,0.0,0.0,107.0,15,114,8,10,2
22:49.7,,,81,,98.5,,,,,,,38,-2.071262,43.14198,126.61842,18.151223685191407,22:49.7,6,0.034,0101000020E6100000FF3A51C3F19100C03D9B9E6A2C924540,20230420_DACIA_HERNANI_TOLOSA_038,,d1,03:27.6,24:28.4,DACIA_SPRING,Dacia Spring 33 kW,33000,139,21:35.5,2.2,3.6,253,WSW,-1.1790645736870229,-92.1181934338334,122,105,,,,0.0,0.0,107.0,15,114,8,25,2
22:55.1,,,80,,98.5,,,,,,,38,-2.0712674,43.141834,123.23712,18.16781232027513,22:54.7,6,0.3929999999999999,0101000020E6100000D7A20CA9F49100C00C8C4CAB27924540,20230420_DACIA_HERNANI_TOLOSA_038,,d1,03:27.6,24:28.4,DACIA_SPRING,Dacia Spring 33 kW,33000,139,21:35.5,2.2,3.6,253,WSW,-1.395445739923435,-95.80672690553038,122,105,,,,0.0,0.0,107.0,15,114,8,25,2
23:00.6,,,80,,98.5,,,,,,,38,-2.0713034,43.14148,124.68451,18.207310072924056,23:00.8,6,-0.127,0101000020E610000041B2D386079200C045E282F21B924540,20230420_DACIA_HERNANI_TOLOSA_038,,d1,03:27.6,24:28.4,DACIA_SPRING,Dacia Spring 33 kW,33000,139,21:35.5,2.2,3.6,253,WSW,-2.035030359858897,-107.4221686767161,122,105,,,,0.0,0.0,107.0,15,114,8,25,2
23:06.1,,,80,,98.5,,,,,,,38,-2.0713875,43.141212,127.82528,18.238042447453203,23:05.8,6,0.23,0101000020E61000004C57F69C339200C0339AF34813924540,20230420_DACIA_HERNANI_TOLOSA_038,,d1,03:27.6,24:28.4,DACIA_SPRING,Dacia Spring 33 kW,33000,139,21:35.5,2.2,3.6,253,WSW,-3.225056718202973,-136.6177016421972,122,105,,,,0.0,0.0,107.0,15,114,8,25,2
23:11.5,,,80,,98.5,,,,,,,38,-2.0715568,43.141052,130.0196,18.26062622487242,23:11.9,6,-0.34,0101000020E610000083AFE6508C9200C0AEFB460F0E924540,20230420_DACIA_HERNANI_TOLOSA_038,,d1,03:27.6,24:28.4,DACIA_SPRING,Dacia Spring 33 kW,33000,139,21:35.5,2.2,3.6,253,WSW,-2.4070418951698747,-114.96085667668125,122,105,,,,0.0,0.0,107.0,15,114,8,25,2
23:16.9,,,80,,98.5,,,,,,,38,-2.071635,43.140884,128.53298999999998,18.280410998603077,23:16.9,6,0.022,0101000020E6100000D00B2251B59200C0E125C67A08924540,20230420_DACIA_HERNANI_TOLOSA_038,,d1,03:27.6,24:28.4,DACIA_SPRING,Dacia Spring 33 kW,33000,139,21:35.5,2.2,3.6,253,WSW,-3.328040414902257,-140.58641741968253,122,105,,,,0.0,0.0,107.0,15,114,8,25,2
23:22.4,,,80,,98.5,,,,,,,38,-2.0718808,43.140682,128.25441,18.310449735470108,23:21.9,6,0.465,0101000020E61000001959DF4B369300C09D3F24D501924540,20230420_DACIA_HERNANI_TOLOSA_038,,d1,03:27.6,24:28.4,DACIA_SPRING,Dacia Spring 33 kW,33000,139,21:35.5,2.2,3.6,253,WSW,-3.3606154484860244,-141.98783088129036,122,105,,,,0.0,0.0,107.0,15,114,8,25,3
23:27.9,,,80,,98.5,,,,,,,38,-2.072129,43.140488,126.23147,18.340029758966057,23:28.0,6,-0.089,0101000020E610000060B98551B89300C0BE2A7F8AFB914540,20230420_DACIA_HERNANI_TOLOSA_038,,d1,03:27.6,24:28.4,DACIA_SPRING,Dacia Spring 33 kW,33000,139,21:35.5,2.2,3.6,253,WSW,-3.473932533643376,-147.7923020277159,122,105,,,,0.0,0.0,107.0,15,114,8,25,3
23:33.3,,,80,,98.5,,,,,,,38,-2.0724084,43.140312,126.404236,18.3699786800434,23:33.0,6,0.36,0101000020E6100000646859D64A9400C00ECC73B9F5914540,20230420_DACIA_HERNANI_TOLOSA_038,,d1,03:27.6,24:28.4,DACIA_SPRING,Dacia Spring 33 kW,33000,139,21:35.5,2.2,3.6,253,WSW,-3.5651952485953475,-170.9736315901764,122,105,,,,0.0,0.0,107.0,15,114,8,25,3
23:38.9,,,80,,98.5,,,,,,,38,-2.072912,43.140232,125.78437,18.411800929469692,23:39.0,6,-0.126,0101000020E610000050A8ECE0529500C0FBD78B26F3914540,20230420_DACIA_HERNANI_TOLOSA_038,,d1,03:27.6,24:28.4,DACIA_SPRING,Dacia Spring 33 kW,33000,139,21:35.5,2.2,3.6,253,WSW,-3.594697747167111,-166.11006821525112,122,105,,,,0.0,0.0,107.0,15,114,8,8,3
23:44.4,,,80,,98.5,,,,,,,38,-2.0731425,43.140175,125.691154,18.431548034532305,23:44.0,6,0.358,0101000020E61000000349FCCACB9500C0CB324740F1914540,20230420_DACIA_HERNANI_TOLOSA_038,,d1,03:27.6,24:28.4,DACIA_SPRING,Dacia Spring 33 kW,33000,139,21:35.5,2.2,3.6,253,WSW,-1.6077606068607635,-99.5257626212713,122,105,,,,0.0,0.0,107.0,15,114,8,25,3
23:49.9,,,80,,98.5,,,,,,,38,-2.0731769,43.13997,126.07172,18.454516390502892,23:50.1,6,-0.159,0101000020E6100000D4843CB3DD9500C0A5C0BC89EA914540,20230420_DACIA_HERNANI_TOLOSA_038,,d1,03:27.6,24:28.4,DACIA_SPRING,Dacia Spring 33 kW,33000,139,25:55.8,2.2,3.6,253,WSW,-2.17461650025838,-110.16124047601828,122,105,,,,0.0,0.0,107.0,15,114,8,25,3
23:55.4,,,80,,98.5,,,,,,,38,-2.0733256,43.139565000000005,125.12919,18.501148060648674,23:55.2,6,0.241,0101000020E6100000DDA368CD2B9600C0F41C1E42DD914540,20230420_DACIA_HERNANI_TOLOSA_038,,d1,03:27.6,24:28.4,DACIA_SPRING,Dacia Spring 33 kW,33000,139,25:55.8,2.2,3.6,253,WSW,-3.5060617298915555,-176.11766638761486,122,105,,,,0.0,0.0,107.0,15,114,8,25,3
24:01.0,,,80,,98.5,,,,,,,38,-2.0737824,43.139534000000005,126.18083,18.538386642900193,24:01.2,6,-0.26,0101000020E6100000E6EBFD4C1B9700C0D0D31B4BDC914540,20230420_DACIA_HERNANI_TOLOSA_038,,d1,03:27.6,24:28.4,DACIA_SPRING,Dacia Spring 33 kW,33000,139,25:55.8,2.2,3.6,253,WSW,-2.123880043760698,143.15464366497582,122,105,,,,0.0,0.0,107.0,15,114,8,25,3
24:06.3,,,80,,98.5,,,,,,,38,-2.0738945,43.139618,127.86013,18.551531668564657,24:06.2,6,0.07,0101000020E610000084CFE405569700C059465C05DF914540,20230420_DACIA_HERNANI_TOLOSA_038,,d1,03:27.6,24:28.4,DACIA_SPRING,Dacia Spring 33 kW,33000,139,25:55.8,2.2,3.6,253,WSW,0.8013000426245811,94.13918925580508,122,105,,,,0.0,0.0,107.0,15,114,8,25,3
24:11.9,,,80,,98.5,,,,,,,38,-2.0739055,43.13977,128.59145,18.568472638694132,24:12.3,6,-0.437,0101000020E6100000B034E3C25B9700C0BD272EF1E3914540,20230420_DACIA_HERNANI_TOLOSA_038,,d1,03:27.6,24:28.4,DACIA_SPRING,Dacia Spring 33 kW,33000,139,25:55.8,2.2,3.6,253,WSW,2.4157469758743284,64.85255279145169,122,105,,,,0.0,0.0,107.0,15,114,8,25,3
24:17.3,,,80,,98.5,,,,,,,38,-2.0737872,43.140022,128.86496,18.598093414258678,24:17.3,6,-0.039,0101000020E610000044C35BCE1D9700C0A0291043EC914540,20230420_DACIA_HERNANI_TOLOSA_038,,d1,03:27.6,24:28.4,DACIA_SPRING,Dacia Spring 33 kW,33000,139,25:55.8,2.2,3.6,253,WSW,2.4025391056689536,65.13544492353644,122,105,,,,0.0,0.0,107.0,15,114,8,25,3
24:22.8,,,80,,98.5,,,,,,,38,-2.0736630000000003,43.14029,130.38052,18.62958788516622,24:22.4,6,0.402,0101000020E6100000CD7765A7DC9600C0F3F1E2FAF4914540,20230420_DACIA_HERNANI_TOLOSA_038,,d1,03:27.6,24:28.4,DACIA_SPRING,Dacia Spring 33 kW,33000,139,25:55.8,2.2,3.6,253,WSW,2.060639692081867,72.08225078553521,122,105,,,,0.0,0.0,107.0,15,114,8,25,3
24:28.1,,,80,,98.5,,,,,,,38,-2.073566,43.14059,133.27454,18.66398416970056,24:28.4,6,-0.259,0101000020E6100000C30560C6A99600C000C0D2EFFE914540,20230420_DACIA_HERNANI_TOLOSA_038,,d1,03:27.6,24:28.4,DACIA_SPRING,Dacia Spring 33 kW,33000,139,25:55.8,2.2,3.6,253,WSW,,,122,105,,,,0.0,0.0,107.0,15,114,8,8,3
